[
{
  "model": "contenttypes.contenttype",
  "fields": {
    "app_label": "admin",
    "model": "logentry"
  }
},
{
  "model": "contenttypes.contenttype",
  "fields": {
    "app_label": "auth",
    "model": "group"
  }
},
{
  "model": "contenttypes.contenttype",
  "fields": {
    "app_label": "auth",
    "model": "permission"
  }
},
{
  "model": "contenttypes.contenttype",
  "fields": {
    "app_label": "auth",
    "model": "user"
  }
},
{
  "model": "contenttypes.contenttype",
  "fields": {
    "app_label": "contenttypes",
    "model": "contenttype"
  }
},
{
  "model": "contenttypes.contenttype",
  "fields": {
    "app_label": "sessions",
    "model": "session"
  }
},
{
  "model": "contenttypes.contenttype",
  "fields": {
    "app_label": "catalog",
    "model": "categoria"
  }
},
{
  "model": "contenttypes.contenttype",
  "fields": {
    "app_label": "catalog",
    "model": "marca"
  }
},
{
  "model": "contenttypes.contenttype",
  "fields": {
    "app_label": "catalog",
    "model": "producto"
  }
},
{
  "model": "contenttypes.contenttype",
  "fields": {
    "app_label": "orders",
    "model": "carrito"
  }
},
{
  "model": "contenttypes.contenttype",
  "fields": {
    "app_label": "orders",
    "model": "detallepedido"
  }
},
{
  "model": "contenttypes.contenttype",
  "fields": {
    "app_label": "orders",
    "model": "itemcarrito"
  }
},
{
  "model": "contenttypes.contenttype",
  "fields": {
    "app_label": "orders",
    "model": "pago"
  }
},
{
  "model": "contenttypes.contenttype",
  "fields": {
    "app_label": "orders",
    "model": "pedido"
  }
},
{
  "model": "contenttypes.contenttype",
  "fields": {
    "app_label": "sites",
    "model": "site"
  }
},
{
  "model": "contenttypes.contenttype",
  "fields": {
    "app_label": "account",
    "model": "emailaddress"
  }
},
{
  "model": "contenttypes.contenttype",
  "fields": {
    "app_label": "account",
    "model": "emailconfirmation"
  }
},
{
  "model": "contenttypes.contenttype",
  "fields": {
    "app_label": "socialaccount",
    "model": "socialaccount"
  }
},
{
  "model": "contenttypes.contenttype",
  "fields": {
    "app_label": "socialaccount",
    "model": "socialapp"
  }
},
{
  "model": "contenttypes.contenttype",
  "fields": {
    "app_label": "socialaccount",
    "model": "socialtoken"
  }
},
{
  "model": "contenttypes.contenttype",
  "fields": {
    "app_label": "api",
    "model": "categoria"
  }
},
{
  "model": "contenttypes.contenttype",
  "fields": {
    "app_label": "api",
    "model": "marca"
  }
},
{
  "model": "contenttypes.contenttype",
  "fields": {
    "app_label": "api",
    "model": "producto"
  }
},
{
  "model": "contenttypes.contenttype",
  "fields": {
    "app_label": "api",
    "model": "detallepedido"
  }
},
{
  "model": "contenttypes.contenttype",
  "fields": {
    "app_label": "api",
    "model": "pago"
  }
},
{
  "model": "contenttypes.contenttype",
  "fields": {
    "app_label": "api",
    "model": "pedido"
  }
},
{
  "model": "contenttypes.contenttype",
  "fields": {
    "app_label": "api",
    "model": "carrito"
  }
},
{
  "model": "contenttypes.contenttype",
  "fields": {
    "app_label": "api",
    "model": "itemcarrito"
  }
},
{
  "model": "sessions.session",
  "pk": "8of3hs6puzn9jagl0l9llqxbuo41czkl",
  "fields": {
    "session_data": ".eJxVjMsOwiAQRf-FtSG8YVy69xvIAFOpGkhKuzL-uzbpQrf3nHNfLOK21rgNWuJc2JlJdvrdEuYHtR2UO7Zb57m3dZkT3xV-0MGvvdDzcrh_BxVH_daIKQityBFYk4TVzruJFCQCk0EIQqNdgTLJ4JIHMlmiscFbhQZE9uz9Ad9ON4M:1vuAdV:KXYBRMRuOYd_bVbnprpFxf-pY4reypeweVM5EPEc0Fs",
    "expire_date": "2026-03-08T14:40:41.654Z"
  }
},
{
  "model": "sites.site",
  "fields": {
    "domain": "127.0.0.1",
    "name": "Localhost"
  }
},
{
  "model": "catalog.marca",
  "pk": 1,
  "fields": {
    "nombre": "Chanel",
    "descripcion": null
  }
},
{
  "model": "catalog.marca",
  "pk": 2,
  "fields": {
    "nombre": "Dior",
    "descripcion": null
  }
},
{
  "model": "catalog.marca",
  "pk": 3,
  "fields": {
    "nombre": "Versace",
    "descripcion": null
  }
},
{
  "model": "catalog.marca",
  "pk": 4,
  "fields": {
    "nombre": "Yves Saint Laurent",
    "descripcion": null
  }
},
{
  "model": "catalog.marca",
  "pk": 5,
  "fields": {
    "nombre": "Tom Ford",
    "descripcion": null
  }
},
{
  "model": "catalog.marca",
  "pk": 6,
  "fields": {
    "nombre": "Gucci",
    "descripcion": null
  }
},
{
  "model": "catalog.marca",
  "pk": 7,
  "fields": {
    "nombre": "Armani",
    "descripcion": null
  }
},
{
  "model": "catalog.marca",
  "pk": 8,
  "fields": {
    "nombre": "Paco Rabanne",
    "descripcion": null
  }
},
{
  "model": "catalog.marca",
  "pk": 9,
  "fields": {
    "nombre": "Carolina Herrera",
    "descripcion": null
  }
},
{
  "model": "catalog.marca",
  "pk": 10,
  "fields": {
    "nombre": "Lancôme",
    "descripcion": null
  }
},
{
  "model": "catalog.marca",
  "pk": 11,
  "fields": {
    "nombre": "Creed",
    "descripcion": null
  }
},
{
  "model": "catalog.marca",
  "pk": 12,
  "fields": {
    "nombre": "Le Labo",
    "descripcion": null
  }
},
{
  "model": "catalog.marca",
  "pk": 13,
  "fields": {
    "nombre": "Maison Francis Kurkdjian",
    "descripcion": null
  }
},
{
  "model": "catalog.marca",
  "pk": 14,
  "fields": {
    "nombre": "Giorgio Armani",
    "descripcion": null
  }
},
{
  "model": "catalog.marca",
  "pk": 15,
  "fields": {
    "nombre": "Musk Collection",
    "descripcion": ""
  }
},
{
  "model": "catalog.marca",
  "pk": 16,
  "fields": {
    "nombre": "Marc Jacobs",
    "descripcion": ""
  }
},
{
  "model": "catalog.marca",
  "pk": 17,
  "fields": {
    "nombre": "Nautica",
    "descripcion": ""
  }
},
{
  "model": "catalog.marca",
  "pk": 18,
  "fields": {
    "nombre": "Polo Club",
    "descripcion": ""
  }
},
{
  "model": "catalog.marca",
  "pk": 19,
  "fields": {
    "nombre": "Lacoste",
    "descripcion": ""
  }
},
{
  "model": "catalog.categoria",
  "pk": 3,
  "fields": {
    "nombre": "Unisex",
    "slug": "unisex",
    "descripcion": "Para todos",
    "padre": null
  }
},
{
  "model": "catalog.categoria",
  "pk": 4,
  "fields": {
    "nombre": "Floral",
    "slug": "floral",
    "descripcion": "Notas florales",
    "padre": null
  }
},
{
  "model": "catalog.categoria",
  "pk": 5,
  "fields": {
    "nombre": "Amaderado",
    "slug": "amaderado",
    "descripcion": "Notas de madera",
    "padre": null
  }
},
{
  "model": "catalog.categoria",
  "pk": 7,
  "fields": {
    "nombre": "Oriental",
    "slug": "oriental",
    "descripcion": "Notas especiadas y exóticas",
    "padre": null
  }
},
{
  "model": "catalog.categoria",
  "pk": 26,
  "fields": {
    "nombre": "Hombre",
    "slug": "hombre",
    "descripcion": null,
    "padre": null
  }
},
{
  "model": "catalog.categoria",
  "pk": 27,
  "fields": {
    "nombre": "Mujer",
    "slug": "mujer",
    "descripcion": null,
    "padre": null
  }
},
{
  "model": "catalog.categoria",
  "pk": 28,
  "fields": {
    "nombre": "Cítrico",
    "slug": "citrico",
    "descripcion": null,
    "padre": null
  }
},
{
  "model": "catalog.categoria",
  "pk": 29,
  "fields": {
    "nombre": "Frutal",
    "slug": "frutal",
    "descripcion": "",
    "padre": null
  }
},
{
  "model": "catalog.categoria",
  "pk": 30,
  "fields": {
    "nombre": "Ambar",
    "slug": "ambar",
    "descripcion": "",
    "padre": null
  }
},
{
  "model": "catalog.categoria",
  "pk": 31,
  "fields": {
    "nombre": "Especiado",
    "slug": "especiado",
    "descripcion": "",
    "padre": null
  }
},
{
  "model": "catalog.producto",
  "pk": 1,
  "fields": {
    "sku": "SKU-BLE-1150",
    "nombre": "Blanc Pure",
    "genero": "hombre",
    "descripcion": "Lacoste Blanc Pure es una fragancia masculina lanzada en 2011, con un aroma fresco, limpio y dinámico. Combina notas de salida de toronja (pomelo), romero, cardamomo y agujas de cedro, un corazón floral de ylang-ylang y nardos, y un fondo amaderado y terroso de cedro de Virginia, cuero, gamuza y vetiver.  Ideal para uso diario, especialmente en primavera y verano.",
    "precio": "3500.00",
    "precio_oferta": null,
    "imagen": "productos/Blanc_Pure.png",
    "volumen_ml": 50,
    "marca": 19,
    "categoria": 26,
    "peso_kg": null,
    "stock": 50,
    "activo": true,
    "creado_en": "2026-02-20T01:13:38.322Z",
    "actualizado_en": "2026-02-22T21:57:20.434Z",
    "categorias_secundarias": [
      4,
      5,
      28
    ]
  }
},
{
  "model": "catalog.producto",
  "pk": 2,
  "fields": {
    "sku": "SKU-SAU-8652",
    "nombre": "Sauvage",
    "genero": "hombre",
    "descripcion": "Sauvage de Dior es una fragancia masculina lanzada en 2015, creada por François Demachy. La versión Eau de Toilette destaca por notas de bergamota de Calabria y pimienta en la salida, un corazón de lavanda, pimienta de Sichuan, vetiver y geranio, y un fondo de cedro, ládano y ambroxan.  Es fresca, especiada y con gran proyección, ideal para uso diario y nocturno. La versión Parfum es más intensa, con mandarina, sándalo, vainilla, incienso y haba tonka, ofreciendo un perfil más cálido, amaderado y sensual.",
    "precio": "3200.00",
    "precio_oferta": null,
    "imagen": "productos/Sauvage.png",
    "volumen_ml": 50,
    "marca": 2,
    "categoria": 26,
    "peso_kg": null,
    "stock": 50,
    "activo": true,
    "creado_en": "2026-02-20T01:13:38.327Z",
    "actualizado_en": "2026-02-22T21:50:25.964Z",
    "categorias_secundarias": [
      5,
      28,
      30,
      31
    ]
  }
},
{
  "model": "catalog.producto",
  "pk": 3,
  "fields": {
    "sku": "SKU-ERO-7754",
    "nombre": "Eros",
    "genero": "hombre",
    "descripcion": "Versace Eros es una fragancia masculina lanzada en 2012 (EDT) y 2020 (EDP), inspirada en el dios griego del amor. La versión original combina notas de menta, manzana verde y limón en la salida, un corazón de haba tonka, geranio y ambroxan, y una base de vainilla, vetiver, cedro y musgo de roble.  Es fresca, especiada y amaderada, ideal para hombres jóvenes y seguros de sí mismos, con buena proyección y duración.",
    "precio": "2800.00",
    "precio_oferta": null,
    "imagen": "productos/Versace_Eros.png",
    "volumen_ml": 50,
    "marca": 3,
    "categoria": null,
    "peso_kg": null,
    "stock": 50,
    "activo": true,
    "creado_en": "2026-02-20T01:13:38.332Z",
    "actualizado_en": "2026-02-22T21:47:44.411Z",
    "categorias_secundarias": [
      5,
      28,
      30,
      31
    ]
  }
},
{
  "model": "catalog.producto",
  "pk": 4,
  "fields": {
    "sku": "SKU-BLA-1894",
    "nombre": "Black Opium",
    "genero": "mujer",
    "descripcion": "Black Opium de Yves Saint Laurent es una fragancia femenina lanzada en 2014, creada por Nathalie Lorson, Marie Salamagne, Olivier Cresp y Honorine Blanc. Combina notas de salida de pera, pimienta rosa y flor de azahar, un corazón de café, jazmín, almendra amarga y regaliz, y un fondo de vainilla, pachulí, cedro y madera de cachemira.  Su aroma es dulce, sensual y adictivo, con un toque moderno y rockero. Ideal para uso nocturno en otoño e invierno, con buena duración y estela intensa.",
    "precio": "3100.00",
    "precio_oferta": null,
    "imagen": "productos/Black_Opium.png",
    "volumen_ml": 50,
    "marca": 4,
    "categoria": 27,
    "peso_kg": null,
    "stock": 50,
    "activo": true,
    "creado_en": "2026-02-20T01:13:38.338Z",
    "actualizado_en": "2026-02-22T21:57:12.169Z",
    "categorias_secundarias": [
      4,
      5,
      30
    ]
  }
},
{
  "model": "catalog.producto",
  "pk": 5,
  "fields": {
    "sku": "SKU-GOO-1158",
    "nombre": "Good Girl",
    "genero": "mujer",
    "descripcion": "Good Girl de Carolina Herrera es una fragancia femenina lanzada en 2016, creada por Louise Turner. Combina notas de salida de almendra, café, bergamota y limón, un corazón floral de jazmín sambac, nardos, flor de azahar y rosa de Bulgaria, y un fondo cálido de haba tonka, cacao, vainilla, praliné y maderas.  Su aroma seductor y sofisticado refleja la dualidad de la mujer moderna: dulce y atrevida, elegante y misteriosa. Ideal para uso nocturno, con buena duración y estela.",
    "precio": "2950.00",
    "precio_oferta": null,
    "imagen": "productos/Good_girl_2.png",
    "volumen_ml": 50,
    "marca": 9,
    "categoria": 27,
    "peso_kg": null,
    "stock": 50,
    "activo": true,
    "creado_en": "2026-02-20T01:13:38.346Z",
    "actualizado_en": "2026-02-22T21:43:24.929Z",
    "categorias_secundarias": [
      4,
      30
    ]
  }
},
{
  "model": "catalog.producto",
  "pk": 6,
  "fields": {
    "sku": "SKU-TOB-2628",
    "nombre": "Tobacco Vanille",
    "genero": "unisex",
    "descripcion": "Tobacco Vanille de Tom Ford es una fragancia icónica lanzada en 2007, creada por Olivier Gillotin. Combina notas de hojas de tabaco y especias en la salida, un corazón gourmand de vainilla, cacao, haba tonka y flor de tabaco, y un fondo de frutos secos y notas amaderadas.  Su aroma es cálido, dulce y envolvente, ideal para climas fríos y ocasiones especiales, con excelente duración y proyección. Aunque su intensidad la hace más usada por hombres, su perfil unisex la hace atractiva para cualquier género.",
    "precio": "6500.00",
    "precio_oferta": null,
    "imagen": "productos/Tobacco_Vanille.png",
    "volumen_ml": 50,
    "marca": 5,
    "categoria": 3,
    "peso_kg": null,
    "stock": 50,
    "activo": true,
    "creado_en": "2026-02-20T01:13:38.351Z",
    "actualizado_en": "2026-02-22T21:40:33.980Z",
    "categorias_secundarias": [
      7,
      30,
      31
    ]
  }
},
{
  "model": "catalog.producto",
  "pk": 7,
  "fields": {
    "sku": "SKU-ACQ-2538",
    "nombre": "Acqua di Gio",
    "genero": "hombre",
    "descripcion": "Acqua di Gio de Giorgio Armani es una fragancia masculina icónica lanzada en 1996, creada por Alberto Morillas. Inspirada en la isla de Pantelleria, combina notas cítricas y marinas como bergamota, limón, mandarina y acordes acuáticos en la salida, un corazón floral y aromático con jazmín, romero, ciclamen y calone, y una base amaderada y ambarada de cedro, pachulí, musgo de roble y almizcle blanco.  Es una fragancia fresca, elegante y atemporal, ideal para uso diurno en climas cálidos.",
    "precio": "2600.00",
    "precio_oferta": null,
    "imagen": "productos/Acqua_di_Gio.png",
    "volumen_ml": 50,
    "marca": 7,
    "categoria": 26,
    "peso_kg": null,
    "stock": 50,
    "activo": true,
    "creado_en": "2026-02-20T01:13:38.356Z",
    "actualizado_en": "2026-02-22T21:37:36.282Z",
    "categorias_secundarias": [
      4,
      5,
      28
    ]
  }
},
{
  "model": "catalog.producto",
  "pk": 8,
  "fields": {
    "sku": "SKU-ONE-7787",
    "nombre": "One Million",
    "genero": "hombre",
    "descripcion": "One Million de Paco Rabanne es una fragancia masculina lanzada en 2008, creada por Christophe Raynaud, Olivier Pescheux y Michel Girard. Combina notas de salida de mandarina roja, pomelo y menta, un corazón de rosa, canela y especias, y una base intensa de cuero, ámbar, maderas y pachulí.  Su aroma es audaz, seductor y duradero, con una estela poderosa que lo convierte en un icono moderno. Ideal para hombres que buscan una fragancia con personalidad y presencia.",
    "precio": "2700.00",
    "precio_oferta": null,
    "imagen": "productos/One_Million.png",
    "volumen_ml": 50,
    "marca": 8,
    "categoria": 26,
    "peso_kg": null,
    "stock": 50,
    "activo": true,
    "creado_en": "2026-02-20T01:13:38.361Z",
    "actualizado_en": "2026-02-22T21:37:24.709Z",
    "categorias_secundarias": [
      4,
      5,
      28,
      30
    ]
  }
},
{
  "model": "catalog.producto",
  "pk": 9,
  "fields": {
    "sku": "SKU-LA -7553",
    "nombre": "La Vie Est Belle",
    "genero": "mujer",
    "descripcion": "Es un perfume femenino icónico lanzado en 2012, creado por Olivier Polge, Dominique Ropion y Anne Flipo. Combina notas de salida de grosellas negras y pera, un corazón floral de iris, jazmín y flor de azahar, y un fondo dulce y cálido de praliné, vainilla, haba tonka y pachulí.  Su aroma envolvente, sofisticado y alegre la convierte en una fragancia ideal para uso diario y ocasiones especiales, con buena duración y estela.",
    "precio": "2900.00",
    "precio_oferta": null,
    "imagen": "productos/La_Vie_Est_Bell.png",
    "volumen_ml": 50,
    "marca": 10,
    "categoria": 27,
    "peso_kg": null,
    "stock": 50,
    "activo": true,
    "creado_en": "2026-02-20T01:13:38.370Z",
    "actualizado_en": "2026-02-22T21:37:07.446Z",
    "categorias_secundarias": [
      4,
      29,
      30
    ]
  }
},
{
  "model": "catalog.producto",
  "pk": 10,
  "fields": {
    "sku": "SKU-AVE-6624",
    "nombre": "Aventus",
    "genero": "hombre",
    "descripcion": "Aventus de Creed, combina notas frescas, frutales y amaderadas. Destaca por su salida de piña, bergamota, manzana y limón, un corazón de jazmín y pachulí, y una base profunda de abedul, almizcle, musgo de roble y cedro. Es una fragancia sofisticada, poderosa y duradera, ideal para hombres que buscan una estela distintiva y elegante, perfecta para ocasiones especiales o uso nocturno.",
    "precio": "8500.00",
    "precio_oferta": null,
    "imagen": "productos/Aventus.png",
    "volumen_ml": 50,
    "marca": 11,
    "categoria": 26,
    "peso_kg": null,
    "stock": 50,
    "activo": true,
    "creado_en": "2026-02-20T01:13:38.378Z",
    "actualizado_en": "2026-02-22T21:35:54.491Z",
    "categorias_secundarias": [
      5,
      29,
      30
    ]
  }
},
{
  "model": "catalog.producto",
  "pk": 11,
  "fields": {
    "sku": "SKU-SAN-6141",
    "nombre": "Blue",
    "genero": "hombre",
    "descripcion": "Polo Club Blue para hombre es una fragancia fresca y aromática, ideal para uso diario.  Destaca por sus notas cítricas y acuáticas, con melón, mandarina y pepino en la salida, seguidas de albahaca y geranio, y una base de madera de gamuza, almizcle y pachulí. Es versátil, con buena proyección y duración moderada, perfecta para climas cálidos y ocasiones informales",
    "precio": "5200.00",
    "precio_oferta": null,
    "imagen": "productos/Polo_Club_Blue.png",
    "volumen_ml": 50,
    "marca": 18,
    "categoria": 26,
    "peso_kg": null,
    "stock": 50,
    "activo": true,
    "creado_en": "2026-02-20T01:13:38.387Z",
    "actualizado_en": "2026-02-22T21:35:47.979Z",
    "categorias_secundarias": [
      5,
      28
    ]
  }
},
{
  "model": "catalog.producto",
  "pk": 12,
  "fields": {
    "sku": "SKU-BAC-9335",
    "nombre": "Blue Sail",
    "genero": "hombre",
    "descripcion": "Blue Sail de Nautica es una fragancia masculina lanzada en 2017, con un aroma fresco, verde y marino. Combina notas de salida de hojas verdes, manzana, bergamota y cáscara de naranja, un corazón de notas acuáticas, ciprés azul, lavanda y bayas de enebro, y un fondo de sándalo, vetiver y maderas.  Es ideal para uso diurno en climas cálidos, con una duración moderada (3-5 horas) y una estela ligera. Por su relación calidad-precio, es popular como fragancia casual y juvenil.",
    "precio": "9800.00",
    "precio_oferta": null,
    "imagen": "productos/Blue_sail.png",
    "volumen_ml": 50,
    "marca": 17,
    "categoria": 26,
    "peso_kg": null,
    "stock": 50,
    "activo": true,
    "creado_en": "2026-02-20T01:13:38.396Z",
    "actualizado_en": "2026-02-22T21:34:01.909Z",
    "categorias_secundarias": [
      5,
      28
    ]
  }
},
{
  "model": "catalog.producto",
  "pk": 13,
  "fields": {
    "sku": "SKU-001",
    "nombre": "Baccarat Rouge 540",
    "genero": "hombre",
    "descripcion": "Baccarat Rouge 540 de Maison Francis Kurkdjian es una fragancia icónica lanzada en 2015, inspirada en la fusión del cristal Baccarat con oro a 540 °C. Combina notas de azafrán y jazmín en la salida, un corazón de ámbar gris, amberwood y hediona, y una base de resina de abeto, cedro, azúcar y ambroxan.  Su aroma es cálido, dulce, amaderado y ligeramente mineral, con excelente duración y proyección. Ideal para cualquier época del año, es una de las fragancias más reconocidas y copiadas del mundo.",
    "precio": "9800.00",
    "precio_oferta": null,
    "imagen": "productos/Baccarat_Rouge_540_3UTOqlP.png",
    "volumen_ml": 50,
    "marca": 13,
    "categoria": 26,
    "peso_kg": null,
    "stock": 50,
    "activo": true,
    "creado_en": "2026-02-22T04:29:23.598Z",
    "actualizado_en": "2026-02-22T21:32:45.069Z",
    "categorias_secundarias": [
      4,
      5,
      7,
      30
    ]
  }
},
{
  "model": "catalog.producto",
  "pk": 14,
  "fields": {
    "sku": "SKU-002",
    "nombre": "Santal 33",
    "genero": "unisex",
    "descripcion": "Santal 33 de Le Labo es una fragancia icónica lanzada en 2011, creada por Frank Voelkl. Destaca por sus notas de sándalo australiano, cedro, cardamomo, iris, violeta y cuero, con un carácter amaderado, especiado y ligeramente ahumado.  Su aroma cálido y envolvente la hace versátil y distintiva, ideal para cualquier época del año y usada tanto por hombres como por mujeres.",
    "precio": "9800.00",
    "precio_oferta": null,
    "imagen": "productos/Santa_33_538HGJo.png",
    "volumen_ml": 50,
    "marca": 12,
    "categoria": 3,
    "peso_kg": null,
    "stock": 50,
    "activo": true,
    "creado_en": "2026-02-22T04:29:23.604Z",
    "actualizado_en": "2026-02-22T21:31:25.520Z",
    "categorias_secundarias": [
      4,
      5
    ]
  }
},
{
  "model": "catalog.producto",
  "pk": 15,
  "fields": {
    "sku": "SKU-003",
    "nombre": "Daisy",
    "genero": "mujer",
    "descripcion": "Daisy de Marc Jacobs es una fragancia femenina lanzada en 2007, creada por Alberto Morillas. Combina notas de salida de hojas de violeta, toronja sanguina y fresa, un corazón floral de violeta, gardenia y jazmín, y una base suave de almizcle, maderas blancas y vainilla.  Es fresca, dulce y femenina, ideal para uso diurno en primavera y verano, con buena proyección y estela agradable.",
    "precio": "1200.00",
    "precio_oferta": null,
    "imagen": "productos/Daisy_oVFYLKV.png",
    "volumen_ml": 50,
    "marca": 16,
    "categoria": 27,
    "peso_kg": null,
    "stock": 50,
    "activo": true,
    "creado_en": "2026-02-22T04:29:23.610Z",
    "actualizado_en": "2026-02-22T21:31:16.407Z",
    "categorias_secundarias": [
      4,
      5,
      29
    ]
  }
},
{
  "model": "catalog.producto",
  "pk": 16,
  "fields": {
    "sku": "SKU-004",
    "nombre": "Aqua Vitae Forte",
    "genero": "unisex",
    "descripcion": "Aqua Vitae Forte de Maison Francis Kurkdjian es una fragancia luminosa y cálida lanzada en 2015. Combina notas cítricas y especiadas como bergamota, limón, mandarina, canela, cardamomo y pimienta rosa en la salida, un corazón floral de ylang-ylang y flor de naranjo, y una base amaderada de sándalo y vetiver.  Su aroma evoca un vínculo entre el frescor de las noches y la calidez del pasado, con buena duración (6-8 horas) y estela moderada. Ideal para climas templados y uso diurno, es versátil y sofisticada.",
    "precio": "450.00",
    "precio_oferta": null,
    "imagen": "productos/Citrus_blend_LsfixzK.png",
    "volumen_ml": 50,
    "marca": 13,
    "categoria": 3,
    "peso_kg": null,
    "stock": 50,
    "activo": true,
    "creado_en": "2026-02-22T04:29:23.616Z",
    "actualizado_en": "2026-02-22T21:27:11.870Z",
    "categorias_secundarias": [
      4,
      5,
      28
    ]
  }
},
{
  "model": "catalog.producto",
  "pk": 17,
  "fields": {
    "sku": "SKU-005",
    "nombre": "Oriental Night",
    "genero": "unisex",
    "descripcion": "Oriental Night de Musk Collection es una fragancia cálida, profunda y envolvente, ideal para uso nocturno. Combina notas de almizcle, sándalo, ámbar, incienso, pachulí y especias, creando un perfil rico, sensual y ligeramente ahumado.  Su aroma denso y persistente la hace perfecta para otoño e invierno, con buena duración y estela.",
    "precio": "2200.00",
    "precio_oferta": null,
    "imagen": "productos/Oriental_night_EoH4ITe.png",
    "volumen_ml": 50,
    "marca": 15,
    "categoria": 3,
    "peso_kg": null,
    "stock": 50,
    "activo": true,
    "creado_en": "2026-02-22T04:29:23.622Z",
    "actualizado_en": "2026-02-22T21:26:47.414Z",
    "categorias_secundarias": [
      5,
      7,
      31
    ]
  }
},
{
  "model": "catalog.producto",
  "pk": 18,
  "fields": {
    "sku": "SKU-006",
    "nombre": "Noir Extreme",
    "genero": "hombre",
    "descripcion": "Noir Extreme de Tom Ford es una fragancia masculina lanzada en 2015, creada por Sonia Constant. Combina notas de salida de cardamomo, mandarina, azafrán y neroli, un corazón de kulfi indio, rosa, jazmín y flor de azahar, y una base cálida de vainilla, ámbar, sándalo y maderas.  Su aroma es especiado, dulce y sensual, ideal para uso nocturno en otoño e invierno, con buena duración y estela poderosa.",
    "precio": "2500.00",
    "precio_oferta": null,
    "imagen": "productos/Noir_Extreme_7weBLDK.png",
    "volumen_ml": 50,
    "marca": 5,
    "categoria": 26,
    "peso_kg": null,
    "stock": 50,
    "activo": true,
    "creado_en": "2026-02-22T04:36:28.951Z",
    "actualizado_en": "2026-02-22T21:25:21.671Z",
    "categorias_secundarias": [
      5,
      7,
      30,
      31
    ]
  }
},
{
  "model": "catalog.producto",
  "pk": 19,
  "fields": {
    "sku": "SKU-007",
    "nombre": "Bleu de Chanel",
    "genero": "hombre",
    "descripcion": "Bleu de Chanel es una fragancia masculina lanzada en 2010, creada por Jacques Polge. Combina notas cítricas frescas de pomelo, limón y menta, con un corazón especiado de jengibre y nuez moscada, y un fondo amaderado y terroso de cedro, sándalo, vetiver, incienso y almizcle blanco.  Es versátil, sofisticada y atemporal, ideal para uso diario y ocasiones formales, con buena duración y proyección.",
    "precio": "1800.00",
    "precio_oferta": null,
    "imagen": "productos/Bleu_de_Chanel_78s0p2Z.png",
    "volumen_ml": 50,
    "marca": 1,
    "categoria": 26,
    "peso_kg": null,
    "stock": 50,
    "activo": true,
    "creado_en": "2026-02-22T04:36:28.963Z",
    "actualizado_en": "2026-02-22T21:23:27.930Z",
    "categorias_secundarias": [
      5,
      28,
      31
    ]
  }
},
{
  "model": "catalog.producto",
  "pk": 20,
  "fields": {
    "sku": "SKU-008",
    "nombre": "Chance Eau Tendre",
    "genero": "mujer",
    "descripcion": "Chance Eau Tendre de Chanel es una fragancia femenina lanzada en 2010, creada por Jacques Polge. Combina notas de salida de membrillo y pomelo, un corazón floral de jazmín y jacinto, y una base de almizcle, iris, cedro de Virginia y ámbar.  Su aroma es dulce, fresco y delicado, ideal para uso diurno en primavera y verano. Es una versión más suave y tierna de la línea Chance, con buena proyección y duración moderada.",
    "precio": "1400.00",
    "precio_oferta": null,
    "imagen": "productos/Chance_Eau_Tendre_udHjPxL.png",
    "volumen_ml": 50,
    "marca": 1,
    "categoria": 27,
    "peso_kg": null,
    "stock": 50,
    "activo": true,
    "creado_en": "2026-02-22T04:36:28.972Z",
    "actualizado_en": "2026-02-22T21:21:50.205Z",
    "categorias_secundarias": [
      4,
      29
    ]
  }
},
{
  "model": "catalog.producto",
  "pk": 21,
  "fields": {
    "sku": "SKU-009",
    "nombre": "Oud Wood",
    "genero": "unisex",
    "descripcion": "Oud Wood de Tom Ford es una fragancia icónica de la colección Private Blend, lanzada en 2007. Creada por Richard Herpin, combina la exótica madera de oud con sándalo, palo de rosa, vetiver, cardamomo y pimienta china, terminando en un fondo cálido de vainilla, haba tonka y ámbar.  Su aroma es amaderado, ahumado y especiado, con un equilibrio entre intensidad y elegancia. Ideal para uso nocturno o en climas fríos, tiene buena duración y proyección, siendo muy apreciada tanto por hombres como por mujeres.",
    "precio": "3200.00",
    "precio_oferta": null,
    "imagen": "productos/Oud_Wood_eAIvRKt.png",
    "volumen_ml": 50,
    "marca": 5,
    "categoria": 3,
    "peso_kg": null,
    "stock": 50,
    "activo": true,
    "creado_en": "2026-02-22T04:36:28.980Z",
    "actualizado_en": "2026-02-23T16:29:02.388Z",
    "categorias_secundarias": [
      5,
      7,
      30
    ]
  }
},
{
  "model": "auth.permission",
  "fields": {
    "name": "Can add log entry",
    "content_type": [
      "admin",
      "logentry"
    ],
    "codename": "add_logentry"
  }
},
{
  "model": "auth.permission",
  "fields": {
    "name": "Can change log entry",
    "content_type": [
      "admin",
      "logentry"
    ],
    "codename": "change_logentry"
  }
},
{
  "model": "auth.permission",
  "fields": {
    "name": "Can delete log entry",
    "content_type": [
      "admin",
      "logentry"
    ],
    "codename": "delete_logentry"
  }
},
{
  "model": "auth.permission",
  "fields": {
    "name": "Can view log entry",
    "content_type": [
      "admin",
      "logentry"
    ],
    "codename": "view_logentry"
  }
},
{
  "model": "auth.permission",
  "fields": {
    "name": "Can add permission",
    "content_type": [
      "auth",
      "permission"
    ],
    "codename": "add_permission"
  }
},
{
  "model": "auth.permission",
  "fields": {
    "name": "Can change permission",
    "content_type": [
      "auth",
      "permission"
    ],
    "codename": "change_permission"
  }
},
{
  "model": "auth.permission",
  "fields": {
    "name": "Can delete permission",
    "content_type": [
      "auth",
      "permission"
    ],
    "codename": "delete_permission"
  }
},
{
  "model": "auth.permission",
  "fields": {
    "name": "Can view permission",
    "content_type": [
      "auth",
      "permission"
    ],
    "codename": "view_permission"
  }
},
{
  "model": "auth.permission",
  "fields": {
    "name": "Can add group",
    "content_type": [
      "auth",
      "group"
    ],
    "codename": "add_group"
  }
},
{
  "model": "auth.permission",
  "fields": {
    "name": "Can change group",
    "content_type": [
      "auth",
      "group"
    ],
    "codename": "change_group"
  }
},
{
  "model": "auth.permission",
  "fields": {
    "name": "Can delete group",
    "content_type": [
      "auth",
      "group"
    ],
    "codename": "delete_group"
  }
},
{
  "model": "auth.permission",
  "fields": {
    "name": "Can view group",
    "content_type": [
      "auth",
      "group"
    ],
    "codename": "view_group"
  }
},
{
  "model": "auth.permission",
  "fields": {
    "name": "Can add user",
    "content_type": [
      "auth",
      "user"
    ],
    "codename": "add_user"
  }
},
{
  "model": "auth.permission",
  "fields": {
    "name": "Can change user",
    "content_type": [
      "auth",
      "user"
    ],
    "codename": "change_user"
  }
},
{
  "model": "auth.permission",
  "fields": {
    "name": "Can delete user",
    "content_type": [
      "auth",
      "user"
    ],
    "codename": "delete_user"
  }
},
{
  "model": "auth.permission",
  "fields": {
    "name": "Can view user",
    "content_type": [
      "auth",
      "user"
    ],
    "codename": "view_user"
  }
},
{
  "model": "auth.permission",
  "fields": {
    "name": "Can add content type",
    "content_type": [
      "contenttypes",
      "contenttype"
    ],
    "codename": "add_contenttype"
  }
},
{
  "model": "auth.permission",
  "fields": {
    "name": "Can change content type",
    "content_type": [
      "contenttypes",
      "contenttype"
    ],
    "codename": "change_contenttype"
  }
},
{
  "model": "auth.permission",
  "fields": {
    "name": "Can delete content type",
    "content_type": [
      "contenttypes",
      "contenttype"
    ],
    "codename": "delete_contenttype"
  }
},
{
  "model": "auth.permission",
  "fields": {
    "name": "Can view content type",
    "content_type": [
      "contenttypes",
      "contenttype"
    ],
    "codename": "view_contenttype"
  }
},
{
  "model": "auth.permission",
  "fields": {
    "name": "Can add session",
    "content_type": [
      "sessions",
      "session"
    ],
    "codename": "add_session"
  }
},
{
  "model": "auth.permission",
  "fields": {
    "name": "Can change session",
    "content_type": [
      "sessions",
      "session"
    ],
    "codename": "change_session"
  }
},
{
  "model": "auth.permission",
  "fields": {
    "name": "Can delete session",
    "content_type": [
      "sessions",
      "session"
    ],
    "codename": "delete_session"
  }
},
{
  "model": "auth.permission",
  "fields": {
    "name": "Can view session",
    "content_type": [
      "sessions",
      "session"
    ],
    "codename": "view_session"
  }
},
{
  "model": "auth.permission",
  "fields": {
    "name": "Can add Marca",
    "content_type": [
      "catalog",
      "marca"
    ],
    "codename": "add_marca"
  }
},
{
  "model": "auth.permission",
  "fields": {
    "name": "Can change Marca",
    "content_type": [
      "catalog",
      "marca"
    ],
    "codename": "change_marca"
  }
},
{
  "model": "auth.permission",
  "fields": {
    "name": "Can delete Marca",
    "content_type": [
      "catalog",
      "marca"
    ],
    "codename": "delete_marca"
  }
},
{
  "model": "auth.permission",
  "fields": {
    "name": "Can view Marca",
    "content_type": [
      "catalog",
      "marca"
    ],
    "codename": "view_marca"
  }
},
{
  "model": "auth.permission",
  "fields": {
    "name": "Can add Categoría",
    "content_type": [
      "catalog",
      "categoria"
    ],
    "codename": "add_categoria"
  }
},
{
  "model": "auth.permission",
  "fields": {
    "name": "Can change Categoría",
    "content_type": [
      "catalog",
      "categoria"
    ],
    "codename": "change_categoria"
  }
},
{
  "model": "auth.permission",
  "fields": {
    "name": "Can delete Categoría",
    "content_type": [
      "catalog",
      "categoria"
    ],
    "codename": "delete_categoria"
  }
},
{
  "model": "auth.permission",
  "fields": {
    "name": "Can view Categoría",
    "content_type": [
      "catalog",
      "categoria"
    ],
    "codename": "view_categoria"
  }
},
{
  "model": "auth.permission",
  "fields": {
    "name": "Can add Producto",
    "content_type": [
      "catalog",
      "producto"
    ],
    "codename": "add_producto"
  }
},
{
  "model": "auth.permission",
  "fields": {
    "name": "Can change Producto",
    "content_type": [
      "catalog",
      "producto"
    ],
    "codename": "change_producto"
  }
},
{
  "model": "auth.permission",
  "fields": {
    "name": "Can delete Producto",
    "content_type": [
      "catalog",
      "producto"
    ],
    "codename": "delete_producto"
  }
},
{
  "model": "auth.permission",
  "fields": {
    "name": "Can view Producto",
    "content_type": [
      "catalog",
      "producto"
    ],
    "codename": "view_producto"
  }
},
{
  "model": "auth.permission",
  "fields": {
    "name": "Can add Carrito",
    "content_type": [
      "orders",
      "carrito"
    ],
    "codename": "add_carrito"
  }
},
{
  "model": "auth.permission",
  "fields": {
    "name": "Can change Carrito",
    "content_type": [
      "orders",
      "carrito"
    ],
    "codename": "change_carrito"
  }
},
{
  "model": "auth.permission",
  "fields": {
    "name": "Can delete Carrito",
    "content_type": [
      "orders",
      "carrito"
    ],
    "codename": "delete_carrito"
  }
},
{
  "model": "auth.permission",
  "fields": {
    "name": "Can view Carrito",
    "content_type": [
      "orders",
      "carrito"
    ],
    "codename": "view_carrito"
  }
},
{
  "model": "auth.permission",
  "fields": {
    "name": "Can add Pedido",
    "content_type": [
      "orders",
      "pedido"
    ],
    "codename": "add_pedido"
  }
},
{
  "model": "auth.permission",
  "fields": {
    "name": "Can change Pedido",
    "content_type": [
      "orders",
      "pedido"
    ],
    "codename": "change_pedido"
  }
},
{
  "model": "auth.permission",
  "fields": {
    "name": "Can delete Pedido",
    "content_type": [
      "orders",
      "pedido"
    ],
    "codename": "delete_pedido"
  }
},
{
  "model": "auth.permission",
  "fields": {
    "name": "Can view Pedido",
    "content_type": [
      "orders",
      "pedido"
    ],
    "codename": "view_pedido"
  }
},
{
  "model": "auth.permission",
  "fields": {
    "name": "Can add Pago",
    "content_type": [
      "orders",
      "pago"
    ],
    "codename": "add_pago"
  }
},
{
  "model": "auth.permission",
  "fields": {
    "name": "Can change Pago",
    "content_type": [
      "orders",
      "pago"
    ],
    "codename": "change_pago"
  }
},
{
  "model": "auth.permission",
  "fields": {
    "name": "Can delete Pago",
    "content_type": [
      "orders",
      "pago"
    ],
    "codename": "delete_pago"
  }
},
{
  "model": "auth.permission",
  "fields": {
    "name": "Can view Pago",
    "content_type": [
      "orders",
      "pago"
    ],
    "codename": "view_pago"
  }
},
{
  "model": "auth.permission",
  "fields": {
    "name": "Can add Detalle de Pedido",
    "content_type": [
      "orders",
      "detallepedido"
    ],
    "codename": "add_detallepedido"
  }
},
{
  "model": "auth.permission",
  "fields": {
    "name": "Can change Detalle de Pedido",
    "content_type": [
      "orders",
      "detallepedido"
    ],
    "codename": "change_detallepedido"
  }
},
{
  "model": "auth.permission",
  "fields": {
    "name": "Can delete Detalle de Pedido",
    "content_type": [
      "orders",
      "detallepedido"
    ],
    "codename": "delete_detallepedido"
  }
},
{
  "model": "auth.permission",
  "fields": {
    "name": "Can view Detalle de Pedido",
    "content_type": [
      "orders",
      "detallepedido"
    ],
    "codename": "view_detallepedido"
  }
},
{
  "model": "auth.permission",
  "fields": {
    "name": "Can add Item de Carrito",
    "content_type": [
      "orders",
      "itemcarrito"
    ],
    "codename": "add_itemcarrito"
  }
},
{
  "model": "auth.permission",
  "fields": {
    "name": "Can change Item de Carrito",
    "content_type": [
      "orders",
      "itemcarrito"
    ],
    "codename": "change_itemcarrito"
  }
},
{
  "model": "auth.permission",
  "fields": {
    "name": "Can delete Item de Carrito",
    "content_type": [
      "orders",
      "itemcarrito"
    ],
    "codename": "delete_itemcarrito"
  }
},
{
  "model": "auth.permission",
  "fields": {
    "name": "Can view Item de Carrito",
    "content_type": [
      "orders",
      "itemcarrito"
    ],
    "codename": "view_itemcarrito"
  }
},
{
  "model": "auth.permission",
  "fields": {
    "name": "Can add site",
    "content_type": [
      "sites",
      "site"
    ],
    "codename": "add_site"
  }
},
{
  "model": "auth.permission",
  "fields": {
    "name": "Can change site",
    "content_type": [
      "sites",
      "site"
    ],
    "codename": "change_site"
  }
},
{
  "model": "auth.permission",
  "fields": {
    "name": "Can delete site",
    "content_type": [
      "sites",
      "site"
    ],
    "codename": "delete_site"
  }
},
{
  "model": "auth.permission",
  "fields": {
    "name": "Can view site",
    "content_type": [
      "sites",
      "site"
    ],
    "codename": "view_site"
  }
},
{
  "model": "auth.permission",
  "fields": {
    "name": "Can add email address",
    "content_type": [
      "account",
      "emailaddress"
    ],
    "codename": "add_emailaddress"
  }
},
{
  "model": "auth.permission",
  "fields": {
    "name": "Can change email address",
    "content_type": [
      "account",
      "emailaddress"
    ],
    "codename": "change_emailaddress"
  }
},
{
  "model": "auth.permission",
  "fields": {
    "name": "Can delete email address",
    "content_type": [
      "account",
      "emailaddress"
    ],
    "codename": "delete_emailaddress"
  }
},
{
  "model": "auth.permission",
  "fields": {
    "name": "Can view email address",
    "content_type": [
      "account",
      "emailaddress"
    ],
    "codename": "view_emailaddress"
  }
},
{
  "model": "auth.permission",
  "fields": {
    "name": "Can add email confirmation",
    "content_type": [
      "account",
      "emailconfirmation"
    ],
    "codename": "add_emailconfirmation"
  }
},
{
  "model": "auth.permission",
  "fields": {
    "name": "Can change email confirmation",
    "content_type": [
      "account",
      "emailconfirmation"
    ],
    "codename": "change_emailconfirmation"
  }
},
{
  "model": "auth.permission",
  "fields": {
    "name": "Can delete email confirmation",
    "content_type": [
      "account",
      "emailconfirmation"
    ],
    "codename": "delete_emailconfirmation"
  }
},
{
  "model": "auth.permission",
  "fields": {
    "name": "Can view email confirmation",
    "content_type": [
      "account",
      "emailconfirmation"
    ],
    "codename": "view_emailconfirmation"
  }
},
{
  "model": "auth.permission",
  "fields": {
    "name": "Can add social account",
    "content_type": [
      "socialaccount",
      "socialaccount"
    ],
    "codename": "add_socialaccount"
  }
},
{
  "model": "auth.permission",
  "fields": {
    "name": "Can change social account",
    "content_type": [
      "socialaccount",
      "socialaccount"
    ],
    "codename": "change_socialaccount"
  }
},
{
  "model": "auth.permission",
  "fields": {
    "name": "Can delete social account",
    "content_type": [
      "socialaccount",
      "socialaccount"
    ],
    "codename": "delete_socialaccount"
  }
},
{
  "model": "auth.permission",
  "fields": {
    "name": "Can view social account",
    "content_type": [
      "socialaccount",
      "socialaccount"
    ],
    "codename": "view_socialaccount"
  }
},
{
  "model": "auth.permission",
  "fields": {
    "name": "Can add social application",
    "content_type": [
      "socialaccount",
      "socialapp"
    ],
    "codename": "add_socialapp"
  }
},
{
  "model": "auth.permission",
  "fields": {
    "name": "Can change social application",
    "content_type": [
      "socialaccount",
      "socialapp"
    ],
    "codename": "change_socialapp"
  }
},
{
  "model": "auth.permission",
  "fields": {
    "name": "Can delete social application",
    "content_type": [
      "socialaccount",
      "socialapp"
    ],
    "codename": "delete_socialapp"
  }
},
{
  "model": "auth.permission",
  "fields": {
    "name": "Can view social application",
    "content_type": [
      "socialaccount",
      "socialapp"
    ],
    "codename": "view_socialapp"
  }
},
{
  "model": "auth.permission",
  "fields": {
    "name": "Can add social application token",
    "content_type": [
      "socialaccount",
      "socialtoken"
    ],
    "codename": "add_socialtoken"
  }
},
{
  "model": "auth.permission",
  "fields": {
    "name": "Can change social application token",
    "content_type": [
      "socialaccount",
      "socialtoken"
    ],
    "codename": "change_socialtoken"
  }
},
{
  "model": "auth.permission",
  "fields": {
    "name": "Can delete social application token",
    "content_type": [
      "socialaccount",
      "socialtoken"
    ],
    "codename": "delete_socialtoken"
  }
},
{
  "model": "auth.permission",
  "fields": {
    "name": "Can view social application token",
    "content_type": [
      "socialaccount",
      "socialtoken"
    ],
    "codename": "view_socialtoken"
  }
},
{
  "model": "auth.permission",
  "fields": {
    "name": "Can add Categoría",
    "content_type": [
      "api",
      "categoria"
    ],
    "codename": "add_categoria"
  }
},
{
  "model": "auth.permission",
  "fields": {
    "name": "Can change Categoría",
    "content_type": [
      "api",
      "categoria"
    ],
    "codename": "change_categoria"
  }
},
{
  "model": "auth.permission",
  "fields": {
    "name": "Can delete Categoría",
    "content_type": [
      "api",
      "categoria"
    ],
    "codename": "delete_categoria"
  }
},
{
  "model": "auth.permission",
  "fields": {
    "name": "Can view Categoría",
    "content_type": [
      "api",
      "categoria"
    ],
    "codename": "view_categoria"
  }
},
{
  "model": "auth.permission",
  "fields": {
    "name": "Can add Marca",
    "content_type": [
      "api",
      "marca"
    ],
    "codename": "add_marca"
  }
},
{
  "model": "auth.permission",
  "fields": {
    "name": "Can change Marca",
    "content_type": [
      "api",
      "marca"
    ],
    "codename": "change_marca"
  }
},
{
  "model": "auth.permission",
  "fields": {
    "name": "Can delete Marca",
    "content_type": [
      "api",
      "marca"
    ],
    "codename": "delete_marca"
  }
},
{
  "model": "auth.permission",
  "fields": {
    "name": "Can view Marca",
    "content_type": [
      "api",
      "marca"
    ],
    "codename": "view_marca"
  }
},
{
  "model": "auth.permission",
  "fields": {
    "name": "Can add Producto",
    "content_type": [
      "api",
      "producto"
    ],
    "codename": "add_producto"
  }
},
{
  "model": "auth.permission",
  "fields": {
    "name": "Can change Producto",
    "content_type": [
      "api",
      "producto"
    ],
    "codename": "change_producto"
  }
},
{
  "model": "auth.permission",
  "fields": {
    "name": "Can delete Producto",
    "content_type": [
      "api",
      "producto"
    ],
    "codename": "delete_producto"
  }
},
{
  "model": "auth.permission",
  "fields": {
    "name": "Can view Producto",
    "content_type": [
      "api",
      "producto"
    ],
    "codename": "view_producto"
  }
},
{
  "model": "auth.permission",
  "fields": {
    "name": "Can add Pedido",
    "content_type": [
      "api",
      "pedido"
    ],
    "codename": "add_pedido"
  }
},
{
  "model": "auth.permission",
  "fields": {
    "name": "Can change Pedido",
    "content_type": [
      "api",
      "pedido"
    ],
    "codename": "change_pedido"
  }
},
{
  "model": "auth.permission",
  "fields": {
    "name": "Can delete Pedido",
    "content_type": [
      "api",
      "pedido"
    ],
    "codename": "delete_pedido"
  }
},
{
  "model": "auth.permission",
  "fields": {
    "name": "Can view Pedido",
    "content_type": [
      "api",
      "pedido"
    ],
    "codename": "view_pedido"
  }
},
{
  "model": "auth.permission",
  "fields": {
    "name": "Can add Pago",
    "content_type": [
      "api",
      "pago"
    ],
    "codename": "add_pago"
  }
},
{
  "model": "auth.permission",
  "fields": {
    "name": "Can change Pago",
    "content_type": [
      "api",
      "pago"
    ],
    "codename": "change_pago"
  }
},
{
  "model": "auth.permission",
  "fields": {
    "name": "Can delete Pago",
    "content_type": [
      "api",
      "pago"
    ],
    "codename": "delete_pago"
  }
},
{
  "model": "auth.permission",
  "fields": {
    "name": "Can view Pago",
    "content_type": [
      "api",
      "pago"
    ],
    "codename": "view_pago"
  }
},
{
  "model": "auth.permission",
  "fields": {
    "name": "Can add Detalle de Pedido",
    "content_type": [
      "api",
      "detallepedido"
    ],
    "codename": "add_detallepedido"
  }
},
{
  "model": "auth.permission",
  "fields": {
    "name": "Can change Detalle de Pedido",
    "content_type": [
      "api",
      "detallepedido"
    ],
    "codename": "change_detallepedido"
  }
},
{
  "model": "auth.permission",
  "fields": {
    "name": "Can delete Detalle de Pedido",
    "content_type": [
      "api",
      "detallepedido"
    ],
    "codename": "delete_detallepedido"
  }
},
{
  "model": "auth.permission",
  "fields": {
    "name": "Can view Detalle de Pedido",
    "content_type": [
      "api",
      "detallepedido"
    ],
    "codename": "view_detallepedido"
  }
},
{
  "model": "auth.permission",
  "fields": {
    "name": "Can add Carrito",
    "content_type": [
      "api",
      "carrito"
    ],
    "codename": "add_carrito"
  }
},
{
  "model": "auth.permission",
  "fields": {
    "name": "Can change Carrito",
    "content_type": [
      "api",
      "carrito"
    ],
    "codename": "change_carrito"
  }
},
{
  "model": "auth.permission",
  "fields": {
    "name": "Can delete Carrito",
    "content_type": [
      "api",
      "carrito"
    ],
    "codename": "delete_carrito"
  }
},
{
  "model": "auth.permission",
  "fields": {
    "name": "Can view Carrito",
    "content_type": [
      "api",
      "carrito"
    ],
    "codename": "view_carrito"
  }
},
{
  "model": "auth.permission",
  "fields": {
    "name": "Can add Item de Carrito",
    "content_type": [
      "api",
      "itemcarrito"
    ],
    "codename": "add_itemcarrito"
  }
},
{
  "model": "auth.permission",
  "fields": {
    "name": "Can change Item de Carrito",
    "content_type": [
      "api",
      "itemcarrito"
    ],
    "codename": "change_itemcarrito"
  }
},
{
  "model": "auth.permission",
  "fields": {
    "name": "Can delete Item de Carrito",
    "content_type": [
      "api",
      "itemcarrito"
    ],
    "codename": "delete_itemcarrito"
  }
},
{
  "model": "auth.permission",
  "fields": {
    "name": "Can view Item de Carrito",
    "content_type": [
      "api",
      "itemcarrito"
    ],
    "codename": "view_itemcarrito"
  }
},
{
  "model": "auth.user",
  "fields": {
    "password": "123456",
    "last_login": "2026-02-23T16:24:46.810Z",
    "is_superuser": true,
    "username": "Joss",
    "first_name": "Jose A.",
    "last_name": "Vargas Cisneros",
    "email": "jossA@example.com",
    "is_staff": true,
    "is_active": true,
    "date_joined": "2026-02-20T05:01:19Z",
    "groups": [],
    "user_permissions": []
  }
},
{
  "model": "auth.user",
  "fields": {
    "password": "1234567",
    "last_login": "2026-02-22T19:24:01Z",
    "is_superuser": false,
    "username": "Adal",
    "first_name": "Adalberto",
    "last_name": "Dominguez",
    "email": "adald@gmail.com",
    "is_staff": false,
    "is_active": true,
    "date_joined": "2026-02-20T05:17:27Z",
    "groups": [],
    "user_permissions": []
  }
},
{
  "model": "orders.carrito",
  "pk": 1,
  "fields": {
    "usuario": [
      "Adal"
    ],
    "creado_en": "2026-02-20T05:17:28.250Z",
    "actualizado_en": "2026-02-20T05:17:28.250Z"
  }
},
{
  "model": "orders.carrito",
  "pk": 2,
  "fields": {
    "usuario": [
      "Joss"
    ],
    "creado_en": "2026-02-20T05:37:13.562Z",
    "actualizado_en": "2026-02-20T05:37:13.562Z"
  }
},
{
  "model": "admin.logentry",
  "pk": 1,
  "fields": {
    "action_time": "2026-02-20T05:41:38.108Z",
    "user": [
      "Joss"
    ],
    "content_type": [
      "auth",
      "user"
    ],
    "object_id": "2",
    "object_repr": "demo",
    "action_flag": 3,
    "change_message": ""
  }
},
{
  "model": "admin.logentry",
  "pk": 2,
  "fields": {
    "action_time": "2026-02-21T01:48:23.205Z",
    "user": [
      "Joss"
    ],
    "content_type": [
      "auth",
      "user"
    ],
    "object_id": "1",
    "object_repr": "Joss",
    "action_flag": 2,
    "change_message": "[{\"changed\": {\"fields\": [\"Username\"]}}]"
  }
},
{
  "model": "admin.logentry",
  "pk": 3,
  "fields": {
    "action_time": "2026-02-21T17:17:38.734Z",
    "user": [
      "Joss"
    ],
    "content_type": [
      "auth",
      "user"
    ],
    "object_id": "3",
    "object_repr": "Adal",
    "action_flag": 2,
    "change_message": "[{\"changed\": {\"fields\": [\"First name\", \"Last name\"]}}]"
  }
},
{
  "model": "admin.logentry",
  "pk": 4,
  "fields": {
    "action_time": "2026-02-21T17:17:57.191Z",
    "user": [
      "Joss"
    ],
    "content_type": [
      "auth",
      "user"
    ],
    "object_id": "1",
    "object_repr": "Joss",
    "action_flag": 2,
    "change_message": "[{\"changed\": {\"fields\": [\"First name\", \"Last name\"]}}]"
  }
},
{
  "model": "admin.logentry",
  "pk": 5,
  "fields": {
    "action_time": "2026-02-22T20:20:35.823Z",
    "user": [
      "Joss"
    ],
    "content_type": [
      "catalog",
      "marca"
    ],
    "object_id": "15",
    "object_repr": "Musk Collection",
    "action_flag": 1,
    "change_message": "[{\"added\": {}}]"
  }
},
{
  "model": "admin.logentry",
  "pk": 6,
  "fields": {
    "action_time": "2026-02-22T20:21:26.499Z",
    "user": [
      "Joss"
    ],
    "content_type": [
      "catalog",
      "producto"
    ],
    "object_id": "17",
    "object_repr": "Oriental Night",
    "action_flag": 2,
    "change_message": "[{\"changed\": {\"fields\": [\"Marca\"]}}]"
  }
},
{
  "model": "admin.logentry",
  "pk": 7,
  "fields": {
    "action_time": "2026-02-22T20:21:29.976Z",
    "user": [
      "Joss"
    ],
    "content_type": [
      "catalog",
      "producto"
    ],
    "object_id": "17",
    "object_repr": "Oriental Night",
    "action_flag": 2,
    "change_message": "[]"
  }
},
{
  "model": "admin.logentry",
  "pk": 8,
  "fields": {
    "action_time": "2026-02-22T20:22:11.939Z",
    "user": [
      "Joss"
    ],
    "content_type": [
      "catalog",
      "producto"
    ],
    "object_id": "16",
    "object_repr": "Aqua Vitae Forte",
    "action_flag": 2,
    "change_message": "[{\"changed\": {\"fields\": [\"Nombre\"]}}]"
  }
},
{
  "model": "admin.logentry",
  "pk": 9,
  "fields": {
    "action_time": "2026-02-22T20:24:00.863Z",
    "user": [
      "Joss"
    ],
    "content_type": [
      "catalog",
      "marca"
    ],
    "object_id": "16",
    "object_repr": "Marc Jacobs",
    "action_flag": 1,
    "change_message": "[{\"added\": {}}]"
  }
},
{
  "model": "admin.logentry",
  "pk": 10,
  "fields": {
    "action_time": "2026-02-22T20:24:09.067Z",
    "user": [
      "Joss"
    ],
    "content_type": [
      "catalog",
      "producto"
    ],
    "object_id": "15",
    "object_repr": "Daisy",
    "action_flag": 2,
    "change_message": "[{\"changed\": {\"fields\": [\"Marca\"]}}]"
  }
},
{
  "model": "admin.logentry",
  "pk": 11,
  "fields": {
    "action_time": "2026-02-22T20:30:58.518Z",
    "user": [
      "Joss"
    ],
    "content_type": [
      "catalog",
      "producto"
    ],
    "object_id": "21",
    "object_repr": "Oud Wood",
    "action_flag": 2,
    "change_message": "[{\"changed\": {\"fields\": [\"Imagen\"]}}]"
  }
},
{
  "model": "admin.logentry",
  "pk": 12,
  "fields": {
    "action_time": "2026-02-22T20:32:16.480Z",
    "user": [
      "Joss"
    ],
    "content_type": [
      "catalog",
      "producto"
    ],
    "object_id": "21",
    "object_repr": "Oud Wood",
    "action_flag": 2,
    "change_message": "[{\"changed\": {\"fields\": [\"Imagen\"]}}]"
  }
},
{
  "model": "admin.logentry",
  "pk": 13,
  "fields": {
    "action_time": "2026-02-22T20:32:22.901Z",
    "user": [
      "Joss"
    ],
    "content_type": [
      "catalog",
      "producto"
    ],
    "object_id": "21",
    "object_repr": "Oud Wood",
    "action_flag": 2,
    "change_message": "[]"
  }
},
{
  "model": "admin.logentry",
  "pk": 14,
  "fields": {
    "action_time": "2026-02-22T20:32:51.375Z",
    "user": [
      "Joss"
    ],
    "content_type": [
      "catalog",
      "producto"
    ],
    "object_id": "20",
    "object_repr": "Chance Eau Tendre",
    "action_flag": 2,
    "change_message": "[{\"changed\": {\"fields\": [\"Imagen\"]}}]"
  }
},
{
  "model": "admin.logentry",
  "pk": 15,
  "fields": {
    "action_time": "2026-02-22T20:33:01.873Z",
    "user": [
      "Joss"
    ],
    "content_type": [
      "catalog",
      "producto"
    ],
    "object_id": "20",
    "object_repr": "Chance Eau Tendre",
    "action_flag": 2,
    "change_message": "[]"
  }
},
{
  "model": "admin.logentry",
  "pk": 16,
  "fields": {
    "action_time": "2026-02-22T20:33:24.669Z",
    "user": [
      "Joss"
    ],
    "content_type": [
      "catalog",
      "producto"
    ],
    "object_id": "19",
    "object_repr": "Bleu de Chanel",
    "action_flag": 2,
    "change_message": "[{\"changed\": {\"fields\": [\"Imagen\"]}}]"
  }
},
{
  "model": "admin.logentry",
  "pk": 17,
  "fields": {
    "action_time": "2026-02-22T20:33:46.644Z",
    "user": [
      "Joss"
    ],
    "content_type": [
      "catalog",
      "producto"
    ],
    "object_id": "18",
    "object_repr": "Noir Extreme",
    "action_flag": 2,
    "change_message": "[{\"changed\": {\"fields\": [\"Imagen\"]}}]"
  }
},
{
  "model": "admin.logentry",
  "pk": 18,
  "fields": {
    "action_time": "2026-02-22T20:34:07.412Z",
    "user": [
      "Joss"
    ],
    "content_type": [
      "catalog",
      "producto"
    ],
    "object_id": "17",
    "object_repr": "Oriental Night",
    "action_flag": 2,
    "change_message": "[{\"changed\": {\"fields\": [\"Imagen\"]}}]"
  }
},
{
  "model": "admin.logentry",
  "pk": 19,
  "fields": {
    "action_time": "2026-02-22T20:34:22.920Z",
    "user": [
      "Joss"
    ],
    "content_type": [
      "catalog",
      "producto"
    ],
    "object_id": "16",
    "object_repr": "Aqua Vitae Forte",
    "action_flag": 2,
    "change_message": "[{\"changed\": {\"fields\": [\"Imagen\"]}}]"
  }
},
{
  "model": "admin.logentry",
  "pk": 20,
  "fields": {
    "action_time": "2026-02-22T20:34:45.373Z",
    "user": [
      "Joss"
    ],
    "content_type": [
      "catalog",
      "producto"
    ],
    "object_id": "15",
    "object_repr": "Daisy",
    "action_flag": 2,
    "change_message": "[{\"changed\": {\"fields\": [\"Imagen\"]}}]"
  }
},
{
  "model": "admin.logentry",
  "pk": 21,
  "fields": {
    "action_time": "2026-02-22T20:35:02.774Z",
    "user": [
      "Joss"
    ],
    "content_type": [
      "catalog",
      "producto"
    ],
    "object_id": "14",
    "object_repr": "Santal 33",
    "action_flag": 2,
    "change_message": "[{\"changed\": {\"fields\": [\"Imagen\"]}}]"
  }
},
{
  "model": "admin.logentry",
  "pk": 22,
  "fields": {
    "action_time": "2026-02-22T20:35:22.144Z",
    "user": [
      "Joss"
    ],
    "content_type": [
      "catalog",
      "producto"
    ],
    "object_id": "13",
    "object_repr": "Baccarat Rouge 540",
    "action_flag": 2,
    "change_message": "[{\"changed\": {\"fields\": [\"Imagen\"]}}]"
  }
},
{
  "model": "admin.logentry",
  "pk": 23,
  "fields": {
    "action_time": "2026-02-22T20:37:13.608Z",
    "user": [
      "Joss"
    ],
    "content_type": [
      "catalog",
      "marca"
    ],
    "object_id": "17",
    "object_repr": "Nautica",
    "action_flag": 1,
    "change_message": "[{\"added\": {}}]"
  }
},
{
  "model": "admin.logentry",
  "pk": 24,
  "fields": {
    "action_time": "2026-02-22T20:40:42.923Z",
    "user": [
      "Joss"
    ],
    "content_type": [
      "catalog",
      "producto"
    ],
    "object_id": "12",
    "object_repr": "Blue Sail",
    "action_flag": 2,
    "change_message": "[{\"changed\": {\"fields\": [\"Nombre\", \"Marca\", \"Categoria\", \"Categorias secundarias\", \"Genero\", \"Imagen\", \"Descripcion\"]}}]"
  }
},
{
  "model": "admin.logentry",
  "pk": 25,
  "fields": {
    "action_time": "2026-02-22T20:42:19.779Z",
    "user": [
      "Joss"
    ],
    "content_type": [
      "catalog",
      "producto"
    ],
    "object_id": "12",
    "object_repr": "Blue Sail",
    "action_flag": 2,
    "change_message": "[{\"changed\": {\"fields\": [\"Categoria\"]}}]"
  }
},
{
  "model": "admin.logentry",
  "pk": 26,
  "fields": {
    "action_time": "2026-02-22T20:45:34.771Z",
    "user": [
      "Joss"
    ],
    "content_type": [
      "catalog",
      "marca"
    ],
    "object_id": "18",
    "object_repr": "Polo Club",
    "action_flag": 1,
    "change_message": "[{\"added\": {}}]"
  }
},
{
  "model": "admin.logentry",
  "pk": 27,
  "fields": {
    "action_time": "2026-02-22T20:51:09.211Z",
    "user": [
      "Joss"
    ],
    "content_type": [
      "catalog",
      "producto"
    ],
    "object_id": "11",
    "object_repr": "Blue",
    "action_flag": 2,
    "change_message": "[{\"changed\": {\"fields\": [\"Nombre\", \"Marca\", \"Categoria\", \"Categorias secundarias\", \"Genero\", \"Imagen\", \"Descripcion\"]}}]"
  }
},
{
  "model": "admin.logentry",
  "pk": 28,
  "fields": {
    "action_time": "2026-02-22T20:51:59.041Z",
    "user": [
      "Joss"
    ],
    "content_type": [
      "catalog",
      "producto"
    ],
    "object_id": "12",
    "object_repr": "Blue Sail",
    "action_flag": 2,
    "change_message": "[{\"changed\": {\"fields\": [\"Categorias secundarias\"]}}]"
  }
},
{
  "model": "admin.logentry",
  "pk": 29,
  "fields": {
    "action_time": "2026-02-22T20:57:02.626Z",
    "user": [
      "Joss"
    ],
    "content_type": [
      "catalog",
      "categoria"
    ],
    "object_id": "29",
    "object_repr": "Frutal",
    "action_flag": 1,
    "change_message": "[{\"added\": {}}]"
  }
},
{
  "model": "admin.logentry",
  "pk": 30,
  "fields": {
    "action_time": "2026-02-22T20:59:09.756Z",
    "user": [
      "Joss"
    ],
    "content_type": [
      "catalog",
      "categoria"
    ],
    "object_id": "30",
    "object_repr": "Ambar",
    "action_flag": 1,
    "change_message": "[{\"added\": {}}]"
  }
},
{
  "model": "admin.logentry",
  "pk": 31,
  "fields": {
    "action_time": "2026-02-22T20:59:12.559Z",
    "user": [
      "Joss"
    ],
    "content_type": [
      "catalog",
      "producto"
    ],
    "object_id": "10",
    "object_repr": "Aventus",
    "action_flag": 2,
    "change_message": "[{\"changed\": {\"fields\": [\"Categoria\", \"Categorias secundarias\", \"Descripcion\"]}}]"
  }
},
{
  "model": "admin.logentry",
  "pk": 32,
  "fields": {
    "action_time": "2026-02-22T20:59:30.836Z",
    "user": [
      "Joss"
    ],
    "content_type": [
      "catalog",
      "producto"
    ],
    "object_id": "10",
    "object_repr": "Aventus",
    "action_flag": 2,
    "change_message": "[{\"changed\": {\"fields\": [\"Imagen\"]}}]"
  }
},
{
  "model": "admin.logentry",
  "pk": 33,
  "fields": {
    "action_time": "2026-02-22T21:03:44.738Z",
    "user": [
      "Joss"
    ],
    "content_type": [
      "catalog",
      "categoria"
    ],
    "object_id": "25",
    "object_repr": "Unisex - Frutal",
    "action_flag": 3,
    "change_message": ""
  }
},
{
  "model": "admin.logentry",
  "pk": 34,
  "fields": {
    "action_time": "2026-02-22T21:03:44.738Z",
    "user": [
      "Joss"
    ],
    "content_type": [
      "catalog",
      "categoria"
    ],
    "object_id": "24",
    "object_repr": "Unisex - Fresco",
    "action_flag": 3,
    "change_message": ""
  }
},
{
  "model": "admin.logentry",
  "pk": 35,
  "fields": {
    "action_time": "2026-02-22T21:03:44.738Z",
    "user": [
      "Joss"
    ],
    "content_type": [
      "catalog",
      "categoria"
    ],
    "object_id": "23",
    "object_repr": "Unisex - Oriental",
    "action_flag": 3,
    "change_message": ""
  }
},
{
  "model": "admin.logentry",
  "pk": 36,
  "fields": {
    "action_time": "2026-02-22T21:03:44.738Z",
    "user": [
      "Joss"
    ],
    "content_type": [
      "catalog",
      "categoria"
    ],
    "object_id": "22",
    "object_repr": "Unisex - Cítrico",
    "action_flag": 3,
    "change_message": ""
  }
},
{
  "model": "admin.logentry",
  "pk": 37,
  "fields": {
    "action_time": "2026-02-22T21:03:44.738Z",
    "user": [
      "Joss"
    ],
    "content_type": [
      "catalog",
      "categoria"
    ],
    "object_id": "21",
    "object_repr": "Unisex - Amaderado",
    "action_flag": 3,
    "change_message": ""
  }
},
{
  "model": "admin.logentry",
  "pk": 38,
  "fields": {
    "action_time": "2026-02-22T21:03:44.738Z",
    "user": [
      "Joss"
    ],
    "content_type": [
      "catalog",
      "categoria"
    ],
    "object_id": "20",
    "object_repr": "Unisex - Floral",
    "action_flag": 3,
    "change_message": ""
  }
},
{
  "model": "admin.logentry",
  "pk": 39,
  "fields": {
    "action_time": "2026-02-22T21:03:44.739Z",
    "user": [
      "Joss"
    ],
    "content_type": [
      "catalog",
      "categoria"
    ],
    "object_id": "19",
    "object_repr": "Mujer - Frutal",
    "action_flag": 3,
    "change_message": ""
  }
},
{
  "model": "admin.logentry",
  "pk": 40,
  "fields": {
    "action_time": "2026-02-22T21:03:44.739Z",
    "user": [
      "Joss"
    ],
    "content_type": [
      "catalog",
      "categoria"
    ],
    "object_id": "18",
    "object_repr": "Mujer - Fresco",
    "action_flag": 3,
    "change_message": ""
  }
},
{
  "model": "admin.logentry",
  "pk": 41,
  "fields": {
    "action_time": "2026-02-22T21:03:44.739Z",
    "user": [
      "Joss"
    ],
    "content_type": [
      "catalog",
      "categoria"
    ],
    "object_id": "17",
    "object_repr": "Mujer - Oriental",
    "action_flag": 3,
    "change_message": ""
  }
},
{
  "model": "admin.logentry",
  "pk": 42,
  "fields": {
    "action_time": "2026-02-22T21:03:44.739Z",
    "user": [
      "Joss"
    ],
    "content_type": [
      "catalog",
      "categoria"
    ],
    "object_id": "16",
    "object_repr": "Mujer - Cítrico",
    "action_flag": 3,
    "change_message": ""
  }
},
{
  "model": "admin.logentry",
  "pk": 43,
  "fields": {
    "action_time": "2026-02-22T21:03:44.739Z",
    "user": [
      "Joss"
    ],
    "content_type": [
      "catalog",
      "categoria"
    ],
    "object_id": "15",
    "object_repr": "Mujer - Amaderado",
    "action_flag": 3,
    "change_message": ""
  }
},
{
  "model": "admin.logentry",
  "pk": 44,
  "fields": {
    "action_time": "2026-02-22T21:03:44.739Z",
    "user": [
      "Joss"
    ],
    "content_type": [
      "catalog",
      "categoria"
    ],
    "object_id": "14",
    "object_repr": "Mujer - Floral",
    "action_flag": 3,
    "change_message": ""
  }
},
{
  "model": "admin.logentry",
  "pk": 45,
  "fields": {
    "action_time": "2026-02-22T21:03:44.739Z",
    "user": [
      "Joss"
    ],
    "content_type": [
      "catalog",
      "categoria"
    ],
    "object_id": "13",
    "object_repr": "Hombre - Frutal",
    "action_flag": 3,
    "change_message": ""
  }
},
{
  "model": "admin.logentry",
  "pk": 46,
  "fields": {
    "action_time": "2026-02-22T21:03:44.739Z",
    "user": [
      "Joss"
    ],
    "content_type": [
      "catalog",
      "categoria"
    ],
    "object_id": "12",
    "object_repr": "Hombre - Fresco",
    "action_flag": 3,
    "change_message": ""
  }
},
{
  "model": "admin.logentry",
  "pk": 47,
  "fields": {
    "action_time": "2026-02-22T21:03:44.739Z",
    "user": [
      "Joss"
    ],
    "content_type": [
      "catalog",
      "categoria"
    ],
    "object_id": "11",
    "object_repr": "Hombre - Oriental",
    "action_flag": 3,
    "change_message": ""
  }
},
{
  "model": "admin.logentry",
  "pk": 48,
  "fields": {
    "action_time": "2026-02-22T21:03:44.739Z",
    "user": [
      "Joss"
    ],
    "content_type": [
      "catalog",
      "categoria"
    ],
    "object_id": "10",
    "object_repr": "Hombre - Cítrico",
    "action_flag": 3,
    "change_message": ""
  }
},
{
  "model": "admin.logentry",
  "pk": 49,
  "fields": {
    "action_time": "2026-02-22T21:03:44.739Z",
    "user": [
      "Joss"
    ],
    "content_type": [
      "catalog",
      "categoria"
    ],
    "object_id": "9",
    "object_repr": "Hombre - Amaderado",
    "action_flag": 3,
    "change_message": ""
  }
},
{
  "model": "admin.logentry",
  "pk": 50,
  "fields": {
    "action_time": "2026-02-22T21:03:44.739Z",
    "user": [
      "Joss"
    ],
    "content_type": [
      "catalog",
      "categoria"
    ],
    "object_id": "8",
    "object_repr": "Hombre - Floral",
    "action_flag": 3,
    "change_message": ""
  }
},
{
  "model": "admin.logentry",
  "pk": 51,
  "fields": {
    "action_time": "2026-02-22T21:03:44.739Z",
    "user": [
      "Joss"
    ],
    "content_type": [
      "catalog",
      "categoria"
    ],
    "object_id": "6",
    "object_repr": "Cítrico",
    "action_flag": 3,
    "change_message": ""
  }
},
{
  "model": "admin.logentry",
  "pk": 52,
  "fields": {
    "action_time": "2026-02-22T21:03:44.739Z",
    "user": [
      "Joss"
    ],
    "content_type": [
      "catalog",
      "categoria"
    ],
    "object_id": "2",
    "object_repr": "Mujeres",
    "action_flag": 3,
    "change_message": ""
  }
},
{
  "model": "admin.logentry",
  "pk": 53,
  "fields": {
    "action_time": "2026-02-22T21:03:44.739Z",
    "user": [
      "Joss"
    ],
    "content_type": [
      "catalog",
      "categoria"
    ],
    "object_id": "1",
    "object_repr": "Hombres",
    "action_flag": 3,
    "change_message": ""
  }
},
{
  "model": "admin.logentry",
  "pk": 54,
  "fields": {
    "action_time": "2026-02-22T21:10:29.023Z",
    "user": [
      "Joss"
    ],
    "content_type": [
      "catalog",
      "producto"
    ],
    "object_id": "9",
    "object_repr": "La Vie Est Belle",
    "action_flag": 2,
    "change_message": "[{\"changed\": {\"fields\": [\"Categoria\", \"Categorias secundarias\", \"Imagen\"]}}]"
  }
},
{
  "model": "admin.logentry",
  "pk": 55,
  "fields": {
    "action_time": "2026-02-22T21:11:44.644Z",
    "user": [
      "Joss"
    ],
    "content_type": [
      "catalog",
      "producto"
    ],
    "object_id": "10",
    "object_repr": "Aventus",
    "action_flag": 2,
    "change_message": "[{\"changed\": {\"fields\": [\"Genero\"]}}]"
  }
},
{
  "model": "admin.logentry",
  "pk": 56,
  "fields": {
    "action_time": "2026-02-22T21:12:58.323Z",
    "user": [
      "Joss"
    ],
    "content_type": [
      "catalog",
      "producto"
    ],
    "object_id": "14",
    "object_repr": "Santal 33",
    "action_flag": 2,
    "change_message": "[{\"changed\": {\"fields\": [\"Categorias secundarias\", \"Descripcion\"]}}]"
  }
},
{
  "model": "admin.logentry",
  "pk": 57,
  "fields": {
    "action_time": "2026-02-22T21:14:53.160Z",
    "user": [
      "Joss"
    ],
    "content_type": [
      "catalog",
      "producto"
    ],
    "object_id": "16",
    "object_repr": "Aqua Vitae Forte",
    "action_flag": 2,
    "change_message": "[{\"changed\": {\"fields\": [\"Categorias secundarias\", \"Descripcion\"]}}]"
  }
},
{
  "model": "admin.logentry",
  "pk": 58,
  "fields": {
    "action_time": "2026-02-22T21:15:46.799Z",
    "user": [
      "Joss"
    ],
    "content_type": [
      "catalog",
      "producto"
    ],
    "object_id": "21",
    "object_repr": "Oud Wood",
    "action_flag": 2,
    "change_message": "[{\"changed\": {\"fields\": [\"Categorias secundarias\", \"Descripcion\"]}}]"
  }
},
{
  "model": "admin.logentry",
  "pk": 59,
  "fields": {
    "action_time": "2026-02-22T21:18:11.182Z",
    "user": [
      "Joss"
    ],
    "content_type": [
      "catalog",
      "producto"
    ],
    "object_id": "8",
    "object_repr": "One Million",
    "action_flag": 2,
    "change_message": "[{\"changed\": {\"fields\": [\"Categoria\", \"Categorias secundarias\", \"Genero\", \"Imagen\", \"Descripcion\"]}}]"
  }
},
{
  "model": "admin.logentry",
  "pk": 60,
  "fields": {
    "action_time": "2026-02-22T21:20:51.767Z",
    "user": [
      "Joss"
    ],
    "content_type": [
      "catalog",
      "producto"
    ],
    "object_id": "7",
    "object_repr": "Acqua di Gio",
    "action_flag": 2,
    "change_message": "[{\"changed\": {\"fields\": [\"Categoria\", \"Categorias secundarias\", \"Genero\", \"Imagen\", \"Descripcion\"]}}]"
  }
},
{
  "model": "admin.logentry",
  "pk": 61,
  "fields": {
    "action_time": "2026-02-22T21:21:50.208Z",
    "user": [
      "Joss"
    ],
    "content_type": [
      "catalog",
      "producto"
    ],
    "object_id": "20",
    "object_repr": "Chance Eau Tendre",
    "action_flag": 2,
    "change_message": "[{\"changed\": {\"fields\": [\"Categorias secundarias\", \"Stock\", \"Descripcion\"]}}]"
  }
},
{
  "model": "admin.logentry",
  "pk": 62,
  "fields": {
    "action_time": "2026-02-22T21:22:08.194Z",
    "user": [
      "Joss"
    ],
    "content_type": [
      "catalog",
      "producto"
    ],
    "object_id": "21",
    "object_repr": "Oud Wood",
    "action_flag": 2,
    "change_message": "[{\"changed\": {\"fields\": [\"Stock\"]}}]"
  }
},
{
  "model": "admin.logentry",
  "pk": 63,
  "fields": {
    "action_time": "2026-02-22T21:23:04.883Z",
    "user": [
      "Joss"
    ],
    "content_type": [
      "catalog",
      "categoria"
    ],
    "object_id": "31",
    "object_repr": "Especiado",
    "action_flag": 1,
    "change_message": "[{\"added\": {}}]"
  }
},
{
  "model": "admin.logentry",
  "pk": 64,
  "fields": {
    "action_time": "2026-02-22T21:23:27.934Z",
    "user": [
      "Joss"
    ],
    "content_type": [
      "catalog",
      "producto"
    ],
    "object_id": "19",
    "object_repr": "Bleu de Chanel",
    "action_flag": 2,
    "change_message": "[{\"changed\": {\"fields\": [\"Categorias secundarias\", \"Stock\", \"Descripcion\"]}}]"
  }
},
{
  "model": "admin.logentry",
  "pk": 65,
  "fields": {
    "action_time": "2026-02-22T21:25:21.675Z",
    "user": [
      "Joss"
    ],
    "content_type": [
      "catalog",
      "producto"
    ],
    "object_id": "18",
    "object_repr": "Noir Extreme",
    "action_flag": 2,
    "change_message": "[{\"changed\": {\"fields\": [\"Categorias secundarias\", \"Stock\", \"Descripcion\"]}}]"
  }
},
{
  "model": "admin.logentry",
  "pk": 66,
  "fields": {
    "action_time": "2026-02-22T21:26:47.416Z",
    "user": [
      "Joss"
    ],
    "content_type": [
      "catalog",
      "producto"
    ],
    "object_id": "17",
    "object_repr": "Oriental Night",
    "action_flag": 2,
    "change_message": "[{\"changed\": {\"fields\": [\"Categoria\", \"Categorias secundarias\", \"Genero\", \"Stock\", \"Descripcion\"]}}]"
  }
},
{
  "model": "admin.logentry",
  "pk": 67,
  "fields": {
    "action_time": "2026-02-22T21:27:11.873Z",
    "user": [
      "Joss"
    ],
    "content_type": [
      "catalog",
      "producto"
    ],
    "object_id": "16",
    "object_repr": "Aqua Vitae Forte",
    "action_flag": 2,
    "change_message": "[{\"changed\": {\"fields\": [\"Stock\"]}}]"
  }
},
{
  "model": "admin.logentry",
  "pk": 68,
  "fields": {
    "action_time": "2026-02-22T21:31:16.410Z",
    "user": [
      "Joss"
    ],
    "content_type": [
      "catalog",
      "producto"
    ],
    "object_id": "15",
    "object_repr": "Daisy",
    "action_flag": 2,
    "change_message": "[{\"changed\": {\"fields\": [\"Categorias secundarias\", \"Stock\", \"Descripcion\"]}}]"
  }
},
{
  "model": "admin.logentry",
  "pk": 69,
  "fields": {
    "action_time": "2026-02-22T21:31:25.523Z",
    "user": [
      "Joss"
    ],
    "content_type": [
      "catalog",
      "producto"
    ],
    "object_id": "14",
    "object_repr": "Santal 33",
    "action_flag": 2,
    "change_message": "[{\"changed\": {\"fields\": [\"Stock\"]}}]"
  }
},
{
  "model": "admin.logentry",
  "pk": 70,
  "fields": {
    "action_time": "2026-02-22T21:32:45.073Z",
    "user": [
      "Joss"
    ],
    "content_type": [
      "catalog",
      "producto"
    ],
    "object_id": "13",
    "object_repr": "Baccarat Rouge 540",
    "action_flag": 2,
    "change_message": "[{\"changed\": {\"fields\": [\"Categorias secundarias\", \"Stock\", \"Descripcion\"]}}]"
  }
},
{
  "model": "admin.logentry",
  "pk": 71,
  "fields": {
    "action_time": "2026-02-22T21:34:01.913Z",
    "user": [
      "Joss"
    ],
    "content_type": [
      "catalog",
      "producto"
    ],
    "object_id": "12",
    "object_repr": "Blue Sail",
    "action_flag": 2,
    "change_message": "[{\"changed\": {\"fields\": [\"Categorias secundarias\", \"Descripcion\"]}}]"
  }
},
{
  "model": "admin.logentry",
  "pk": 72,
  "fields": {
    "action_time": "2026-02-22T21:35:47.982Z",
    "user": [
      "Joss"
    ],
    "content_type": [
      "catalog",
      "producto"
    ],
    "object_id": "11",
    "object_repr": "Blue",
    "action_flag": 2,
    "change_message": "[]"
  }
},
{
  "model": "admin.logentry",
  "pk": 73,
  "fields": {
    "action_time": "2026-02-22T21:35:54.494Z",
    "user": [
      "Joss"
    ],
    "content_type": [
      "catalog",
      "producto"
    ],
    "object_id": "10",
    "object_repr": "Aventus",
    "action_flag": 2,
    "change_message": "[]"
  }
},
{
  "model": "admin.logentry",
  "pk": 74,
  "fields": {
    "action_time": "2026-02-22T21:37:07.449Z",
    "user": [
      "Joss"
    ],
    "content_type": [
      "catalog",
      "producto"
    ],
    "object_id": "9",
    "object_repr": "La Vie Est Belle",
    "action_flag": 2,
    "change_message": "[{\"changed\": {\"fields\": [\"Descripcion\"]}}]"
  }
},
{
  "model": "admin.logentry",
  "pk": 75,
  "fields": {
    "action_time": "2026-02-22T21:37:24.712Z",
    "user": [
      "Joss"
    ],
    "content_type": [
      "catalog",
      "producto"
    ],
    "object_id": "8",
    "object_repr": "One Million",
    "action_flag": 2,
    "change_message": "[]"
  }
},
{
  "model": "admin.logentry",
  "pk": 76,
  "fields": {
    "action_time": "2026-02-22T21:37:36.284Z",
    "user": [
      "Joss"
    ],
    "content_type": [
      "catalog",
      "producto"
    ],
    "object_id": "7",
    "object_repr": "Acqua di Gio",
    "action_flag": 2,
    "change_message": "[]"
  }
},
{
  "model": "admin.logentry",
  "pk": 77,
  "fields": {
    "action_time": "2026-02-22T21:40:20.094Z",
    "user": [
      "Joss"
    ],
    "content_type": [
      "catalog",
      "producto"
    ],
    "object_id": "6",
    "object_repr": "Tobacco Vanille",
    "action_flag": 2,
    "change_message": "[{\"changed\": {\"fields\": [\"Categoria\", \"Categorias secundarias\", \"Descripcion\"]}}]"
  }
},
{
  "model": "admin.logentry",
  "pk": 78,
  "fields": {
    "action_time": "2026-02-22T21:40:33.984Z",
    "user": [
      "Joss"
    ],
    "content_type": [
      "catalog",
      "producto"
    ],
    "object_id": "6",
    "object_repr": "Tobacco Vanille",
    "action_flag": 2,
    "change_message": "[{\"changed\": {\"fields\": [\"Imagen\"]}}]"
  }
},
{
  "model": "admin.logentry",
  "pk": 79,
  "fields": {
    "action_time": "2026-02-22T21:43:24.933Z",
    "user": [
      "Joss"
    ],
    "content_type": [
      "catalog",
      "producto"
    ],
    "object_id": "5",
    "object_repr": "Good Girl",
    "action_flag": 2,
    "change_message": "[{\"changed\": {\"fields\": [\"Categoria\", \"Categorias secundarias\", \"Imagen\", \"Descripcion\"]}}]"
  }
},
{
  "model": "admin.logentry",
  "pk": 80,
  "fields": {
    "action_time": "2026-02-22T21:45:18.236Z",
    "user": [
      "Joss"
    ],
    "content_type": [
      "catalog",
      "producto"
    ],
    "object_id": "4",
    "object_repr": "Black Opium",
    "action_flag": 2,
    "change_message": "[{\"changed\": {\"fields\": [\"Categoria\", \"Categorias secundarias\", \"Imagen\", \"Descripcion\"]}}]"
  }
},
{
  "model": "admin.logentry",
  "pk": 81,
  "fields": {
    "action_time": "2026-02-22T21:47:37.083Z",
    "user": [
      "Joss"
    ],
    "content_type": [
      "catalog",
      "producto"
    ],
    "object_id": "3",
    "object_repr": "Eros",
    "action_flag": 2,
    "change_message": "[{\"changed\": {\"fields\": [\"Categorias secundarias\", \"Descripcion\"]}}]"
  }
},
{
  "model": "admin.logentry",
  "pk": 82,
  "fields": {
    "action_time": "2026-02-22T21:47:44.414Z",
    "user": [
      "Joss"
    ],
    "content_type": [
      "catalog",
      "producto"
    ],
    "object_id": "3",
    "object_repr": "Eros",
    "action_flag": 2,
    "change_message": "[{\"changed\": {\"fields\": [\"Imagen\"]}}]"
  }
},
{
  "model": "admin.logentry",
  "pk": 83,
  "fields": {
    "action_time": "2026-02-22T21:50:25.968Z",
    "user": [
      "Joss"
    ],
    "content_type": [
      "catalog",
      "producto"
    ],
    "object_id": "2",
    "object_repr": "Sauvage",
    "action_flag": 2,
    "change_message": "[{\"changed\": {\"fields\": [\"Categoria\", \"Categorias secundarias\", \"Imagen\", \"Descripcion\"]}}]"
  }
},
{
  "model": "admin.logentry",
  "pk": 84,
  "fields": {
    "action_time": "2026-02-22T21:52:22.604Z",
    "user": [
      "Joss"
    ],
    "content_type": [
      "catalog",
      "marca"
    ],
    "object_id": "19",
    "object_repr": "Lacoste",
    "action_flag": 1,
    "change_message": "[{\"added\": {}}]"
  }
},
{
  "model": "admin.logentry",
  "pk": 85,
  "fields": {
    "action_time": "2026-02-22T21:56:35.139Z",
    "user": [
      "Joss"
    ],
    "content_type": [
      "catalog",
      "producto"
    ],
    "object_id": "1",
    "object_repr": "Blanc Pure",
    "action_flag": 2,
    "change_message": "[{\"changed\": {\"fields\": [\"Nombre\", \"Marca\", \"Categoria\", \"Categorias secundarias\", \"Imagen\", \"Descripcion\"]}}]"
  }
},
{
  "model": "admin.logentry",
  "pk": 86,
  "fields": {
    "action_time": "2026-02-22T21:57:02.201Z",
    "user": [
      "Joss"
    ],
    "content_type": [
      "catalog",
      "producto"
    ],
    "object_id": "4",
    "object_repr": "Black Opium",
    "action_flag": 2,
    "change_message": "[{\"changed\": {\"fields\": [\"Imagen\"]}}]"
  }
},
{
  "model": "admin.logentry",
  "pk": 87,
  "fields": {
    "action_time": "2026-02-22T21:57:12.173Z",
    "user": [
      "Joss"
    ],
    "content_type": [
      "catalog",
      "producto"
    ],
    "object_id": "4",
    "object_repr": "Black Opium",
    "action_flag": 2,
    "change_message": "[]"
  }
},
{
  "model": "admin.logentry",
  "pk": 88,
  "fields": {
    "action_time": "2026-02-22T21:57:20.437Z",
    "user": [
      "Joss"
    ],
    "content_type": [
      "catalog",
      "producto"
    ],
    "object_id": "1",
    "object_repr": "Blanc Pure",
    "action_flag": 2,
    "change_message": "[]"
  }
},
{
  "model": "admin.logentry",
  "pk": 89,
  "fields": {
    "action_time": "2026-02-23T03:29:30.851Z",
    "user": [
      "Joss"
    ],
    "content_type": [
      "auth",
      "user"
    ],
    "object_id": "1",
    "object_repr": "Joss",
    "action_flag": 2,
    "change_message": "[{\"changed\": {\"fields\": [\"Last name\", \"Email address\"]}}]"
  }
},
{
  "model": "admin.logentry",
  "pk": 90,
  "fields": {
    "action_time": "2026-02-23T03:34:04.811Z",
    "user": [
      "Joss"
    ],
    "content_type": [
      "catalog",
      "producto"
    ],
    "object_id": "21",
    "object_repr": "Oud Wood",
    "action_flag": 2,
    "change_message": "[{\"changed\": {\"fields\": [\"Activo\"]}}]"
  }
},
{
  "model": "admin.logentry",
  "pk": 91,
  "fields": {
    "action_time": "2026-02-23T03:34:55.381Z",
    "user": [
      "Joss"
    ],
    "content_type": [
      "catalog",
      "producto"
    ],
    "object_id": "21",
    "object_repr": "Oud Wood",
    "action_flag": 2,
    "change_message": "[{\"changed\": {\"fields\": [\"Activo\"]}}]"
  }
},
{
  "model": "admin.logentry",
  "pk": 92,
  "fields": {
    "action_time": "2026-02-23T03:35:41.084Z",
    "user": [
      "Joss"
    ],
    "content_type": [
      "sites",
      "site"
    ],
    "object_id": "1",
    "object_repr": "example.com",
    "action_flag": 3,
    "change_message": ""
  }
},
{
  "model": "admin.logentry",
  "pk": 93,
  "fields": {
    "action_time": "2026-02-23T16:25:29.433Z",
    "user": [
      "Joss"
    ],
    "content_type": [
      "catalog",
      "producto"
    ],
    "object_id": "21",
    "object_repr": "Oud Wood",
    "action_flag": 2,
    "change_message": "[]"
  }
},
{
  "model": "admin.logentry",
  "pk": 94,
  "fields": {
    "action_time": "2026-02-23T16:27:21.393Z",
    "user": [
      "Joss"
    ],
    "content_type": [
      "auth",
      "user"
    ],
    "object_id": "3",
    "object_repr": "Adal",
    "action_flag": 2,
    "change_message": "[{\"changed\": {\"fields\": [\"Last name\"]}}]"
  }
},
{
  "model": "admin.logentry",
  "pk": 95,
  "fields": {
    "action_time": "2026-02-23T16:28:16.158Z",
    "user": [
      "Joss"
    ],
    "content_type": [
      "catalog",
      "producto"
    ],
    "object_id": "21",
    "object_repr": "Oud Wood",
    "action_flag": 2,
    "change_message": "[{\"changed\": {\"fields\": [\"Precio oferta\"]}}]"
  }
},
{
  "model": "admin.logentry",
  "pk": 96,
  "fields": {
    "action_time": "2026-02-23T16:29:02.390Z",
    "user": [
      "Joss"
    ],
    "content_type": [
      "catalog",
      "producto"
    ],
    "object_id": "21",
    "object_repr": "Oud Wood",
    "action_flag": 2,
    "change_message": "[{\"changed\": {\"fields\": [\"Precio oferta\"]}}]"
  }
}
]
