--
-- PostgreSQL database dump
--

\restrict UPGSFgBzx8CIaeglMdz3bfAMhHOO42KhbZLSct8aVbv2GRdNS1PkVN0aH6syKFV

-- Dumped from database version 17.8 (Debian 17.8-0+deb13u1)
-- Dumped by pg_dump version 17.8 (Debian 17.8-0+deb13u1)

SET statement_timeout = 0;
SET lock_timeout = 0;
SET idle_in_transaction_session_timeout = 0;
SET transaction_timeout = 0;
SET client_encoding = 'UTF8';
SET standard_conforming_strings = on;
SELECT pg_catalog.set_config('search_path', '', false);
SET check_function_bodies = false;
SET xmloption = content;
SET client_min_messages = warning;
SET row_security = off;

SET default_tablespace = '';

SET default_table_access_method = heap;

--
-- Name: account_emailaddress; Type: TABLE; Schema: public; Owner: admin
--

CREATE TABLE public.account_emailaddress (
    id integer NOT NULL,
    email character varying(254) NOT NULL,
    verified boolean NOT NULL,
    "primary" boolean NOT NULL,
    user_id integer NOT NULL
);


ALTER TABLE public.account_emailaddress OWNER TO admin;

--
-- Name: account_emailaddress_id_seq; Type: SEQUENCE; Schema: public; Owner: admin
--

ALTER TABLE public.account_emailaddress ALTER COLUMN id ADD GENERATED BY DEFAULT AS IDENTITY (
    SEQUENCE NAME public.account_emailaddress_id_seq
    START WITH 1
    INCREMENT BY 1
    NO MINVALUE
    NO MAXVALUE
    CACHE 1
);


--
-- Name: account_emailconfirmation; Type: TABLE; Schema: public; Owner: admin
--

CREATE TABLE public.account_emailconfirmation (
    id integer NOT NULL,
    created timestamp with time zone NOT NULL,
    sent timestamp with time zone,
    key character varying(64) NOT NULL,
    email_address_id integer NOT NULL
);


ALTER TABLE public.account_emailconfirmation OWNER TO admin;

--
-- Name: account_emailconfirmation_id_seq; Type: SEQUENCE; Schema: public; Owner: admin
--

ALTER TABLE public.account_emailconfirmation ALTER COLUMN id ADD GENERATED BY DEFAULT AS IDENTITY (
    SEQUENCE NAME public.account_emailconfirmation_id_seq
    START WITH 1
    INCREMENT BY 1
    NO MINVALUE
    NO MAXVALUE
    CACHE 1
);


--
-- Name: auth_group; Type: TABLE; Schema: public; Owner: admin
--

CREATE TABLE public.auth_group (
    id integer NOT NULL,
    name character varying(150) NOT NULL
);


ALTER TABLE public.auth_group OWNER TO admin;

--
-- Name: auth_group_id_seq; Type: SEQUENCE; Schema: public; Owner: admin
--

ALTER TABLE public.auth_group ALTER COLUMN id ADD GENERATED BY DEFAULT AS IDENTITY (
    SEQUENCE NAME public.auth_group_id_seq
    START WITH 1
    INCREMENT BY 1
    NO MINVALUE
    NO MAXVALUE
    CACHE 1
);


--
-- Name: auth_group_permissions; Type: TABLE; Schema: public; Owner: admin
--

CREATE TABLE public.auth_group_permissions (
    id bigint NOT NULL,
    group_id integer NOT NULL,
    permission_id integer NOT NULL
);


ALTER TABLE public.auth_group_permissions OWNER TO admin;

--
-- Name: auth_group_permissions_id_seq; Type: SEQUENCE; Schema: public; Owner: admin
--

ALTER TABLE public.auth_group_permissions ALTER COLUMN id ADD GENERATED BY DEFAULT AS IDENTITY (
    SEQUENCE NAME public.auth_group_permissions_id_seq
    START WITH 1
    INCREMENT BY 1
    NO MINVALUE
    NO MAXVALUE
    CACHE 1
);


--
-- Name: auth_permission; Type: TABLE; Schema: public; Owner: admin
--

CREATE TABLE public.auth_permission (
    id integer NOT NULL,
    name character varying(255) NOT NULL,
    content_type_id integer NOT NULL,
    codename character varying(100) NOT NULL
);


ALTER TABLE public.auth_permission OWNER TO admin;

--
-- Name: auth_permission_id_seq; Type: SEQUENCE; Schema: public; Owner: admin
--

ALTER TABLE public.auth_permission ALTER COLUMN id ADD GENERATED BY DEFAULT AS IDENTITY (
    SEQUENCE NAME public.auth_permission_id_seq
    START WITH 1
    INCREMENT BY 1
    NO MINVALUE
    NO MAXVALUE
    CACHE 1
);


--
-- Name: auth_user; Type: TABLE; Schema: public; Owner: admin
--

CREATE TABLE public.auth_user (
    id integer NOT NULL,
    password character varying(128) NOT NULL,
    last_login timestamp with time zone,
    is_superuser boolean NOT NULL,
    username character varying(150) NOT NULL,
    first_name character varying(150) NOT NULL,
    last_name character varying(150) NOT NULL,
    email character varying(254) NOT NULL,
    is_staff boolean NOT NULL,
    is_active boolean NOT NULL,
    date_joined timestamp with time zone NOT NULL
);


ALTER TABLE public.auth_user OWNER TO admin;

--
-- Name: auth_user_groups; Type: TABLE; Schema: public; Owner: admin
--

CREATE TABLE public.auth_user_groups (
    id bigint NOT NULL,
    user_id integer NOT NULL,
    group_id integer NOT NULL
);


ALTER TABLE public.auth_user_groups OWNER TO admin;

--
-- Name: auth_user_groups_id_seq; Type: SEQUENCE; Schema: public; Owner: admin
--

ALTER TABLE public.auth_user_groups ALTER COLUMN id ADD GENERATED BY DEFAULT AS IDENTITY (
    SEQUENCE NAME public.auth_user_groups_id_seq
    START WITH 1
    INCREMENT BY 1
    NO MINVALUE
    NO MAXVALUE
    CACHE 1
);


--
-- Name: auth_user_id_seq; Type: SEQUENCE; Schema: public; Owner: admin
--

ALTER TABLE public.auth_user ALTER COLUMN id ADD GENERATED BY DEFAULT AS IDENTITY (
    SEQUENCE NAME public.auth_user_id_seq
    START WITH 1
    INCREMENT BY 1
    NO MINVALUE
    NO MAXVALUE
    CACHE 1
);


--
-- Name: auth_user_user_permissions; Type: TABLE; Schema: public; Owner: admin
--

CREATE TABLE public.auth_user_user_permissions (
    id bigint NOT NULL,
    user_id integer NOT NULL,
    permission_id integer NOT NULL
);


ALTER TABLE public.auth_user_user_permissions OWNER TO admin;

--
-- Name: auth_user_user_permissions_id_seq; Type: SEQUENCE; Schema: public; Owner: admin
--

ALTER TABLE public.auth_user_user_permissions ALTER COLUMN id ADD GENERATED BY DEFAULT AS IDENTITY (
    SEQUENCE NAME public.auth_user_user_permissions_id_seq
    START WITH 1
    INCREMENT BY 1
    NO MINVALUE
    NO MAXVALUE
    CACHE 1
);


--
-- Name: carritos; Type: TABLE; Schema: public; Owner: admin
--

CREATE TABLE public.carritos (
    id bigint NOT NULL,
    creado_en timestamp with time zone NOT NULL,
    actualizado_en timestamp with time zone NOT NULL,
    usuario_id integer NOT NULL
);


ALTER TABLE public.carritos OWNER TO admin;

--
-- Name: carritos_id_seq; Type: SEQUENCE; Schema: public; Owner: admin
--

ALTER TABLE public.carritos ALTER COLUMN id ADD GENERATED BY DEFAULT AS IDENTITY (
    SEQUENCE NAME public.carritos_id_seq
    START WITH 1
    INCREMENT BY 1
    NO MINVALUE
    NO MAXVALUE
    CACHE 1
);


--
-- Name: categorias; Type: TABLE; Schema: public; Owner: admin
--

CREATE TABLE public.categorias (
    id bigint NOT NULL,
    nombre character varying(150) NOT NULL,
    slug character varying(50),
    descripcion text,
    padre_id bigint
);


ALTER TABLE public.categorias OWNER TO admin;

--
-- Name: categorias_id_seq; Type: SEQUENCE; Schema: public; Owner: admin
--

ALTER TABLE public.categorias ALTER COLUMN id ADD GENERATED BY DEFAULT AS IDENTITY (
    SEQUENCE NAME public.categorias_id_seq
    START WITH 1
    INCREMENT BY 1
    NO MINVALUE
    NO MAXVALUE
    CACHE 1
);


--
-- Name: detalles_pedidos; Type: TABLE; Schema: public; Owner: admin
--

CREATE TABLE public.detalles_pedidos (
    id bigint NOT NULL,
    cantidad integer NOT NULL,
    precio_unitario numeric(10,2) NOT NULL,
    subtotal numeric(10,2) NOT NULL,
    producto_id bigint,
    pedido_id bigint NOT NULL
);


ALTER TABLE public.detalles_pedidos OWNER TO admin;

--
-- Name: detalles_pedidos_id_seq; Type: SEQUENCE; Schema: public; Owner: admin
--

ALTER TABLE public.detalles_pedidos ALTER COLUMN id ADD GENERATED BY DEFAULT AS IDENTITY (
    SEQUENCE NAME public.detalles_pedidos_id_seq
    START WITH 1
    INCREMENT BY 1
    NO MINVALUE
    NO MAXVALUE
    CACHE 1
);


--
-- Name: django_admin_log; Type: TABLE; Schema: public; Owner: admin
--

CREATE TABLE public.django_admin_log (
    id integer NOT NULL,
    action_time timestamp with time zone NOT NULL,
    object_id text,
    object_repr character varying(200) NOT NULL,
    action_flag smallint NOT NULL,
    change_message text NOT NULL,
    content_type_id integer,
    user_id integer NOT NULL,
    CONSTRAINT django_admin_log_action_flag_check CHECK ((action_flag >= 0))
);


ALTER TABLE public.django_admin_log OWNER TO admin;

--
-- Name: django_admin_log_id_seq; Type: SEQUENCE; Schema: public; Owner: admin
--

ALTER TABLE public.django_admin_log ALTER COLUMN id ADD GENERATED BY DEFAULT AS IDENTITY (
    SEQUENCE NAME public.django_admin_log_id_seq
    START WITH 1
    INCREMENT BY 1
    NO MINVALUE
    NO MAXVALUE
    CACHE 1
);


--
-- Name: django_content_type; Type: TABLE; Schema: public; Owner: admin
--

CREATE TABLE public.django_content_type (
    id integer NOT NULL,
    app_label character varying(100) NOT NULL,
    model character varying(100) NOT NULL
);


ALTER TABLE public.django_content_type OWNER TO admin;

--
-- Name: django_content_type_id_seq; Type: SEQUENCE; Schema: public; Owner: admin
--

ALTER TABLE public.django_content_type ALTER COLUMN id ADD GENERATED BY DEFAULT AS IDENTITY (
    SEQUENCE NAME public.django_content_type_id_seq
    START WITH 1
    INCREMENT BY 1
    NO MINVALUE
    NO MAXVALUE
    CACHE 1
);


--
-- Name: django_migrations; Type: TABLE; Schema: public; Owner: admin
--

CREATE TABLE public.django_migrations (
    id bigint NOT NULL,
    app character varying(255) NOT NULL,
    name character varying(255) NOT NULL,
    applied timestamp with time zone NOT NULL
);


ALTER TABLE public.django_migrations OWNER TO admin;

--
-- Name: django_migrations_id_seq; Type: SEQUENCE; Schema: public; Owner: admin
--

ALTER TABLE public.django_migrations ALTER COLUMN id ADD GENERATED BY DEFAULT AS IDENTITY (
    SEQUENCE NAME public.django_migrations_id_seq
    START WITH 1
    INCREMENT BY 1
    NO MINVALUE
    NO MAXVALUE
    CACHE 1
);


--
-- Name: django_session; Type: TABLE; Schema: public; Owner: admin
--

CREATE TABLE public.django_session (
    session_key character varying(40) NOT NULL,
    session_data text NOT NULL,
    expire_date timestamp with time zone NOT NULL
);


ALTER TABLE public.django_session OWNER TO admin;

--
-- Name: django_site; Type: TABLE; Schema: public; Owner: admin
--

CREATE TABLE public.django_site (
    id integer NOT NULL,
    domain character varying(100) NOT NULL,
    name character varying(50) NOT NULL
);


ALTER TABLE public.django_site OWNER TO admin;

--
-- Name: django_site_id_seq; Type: SEQUENCE; Schema: public; Owner: admin
--

ALTER TABLE public.django_site ALTER COLUMN id ADD GENERATED BY DEFAULT AS IDENTITY (
    SEQUENCE NAME public.django_site_id_seq
    START WITH 1
    INCREMENT BY 1
    NO MINVALUE
    NO MAXVALUE
    CACHE 1
);


--
-- Name: items_carrito; Type: TABLE; Schema: public; Owner: admin
--

CREATE TABLE public.items_carrito (
    id bigint NOT NULL,
    cantidad integer NOT NULL,
    creado_en timestamp with time zone NOT NULL,
    actualizado_en timestamp with time zone NOT NULL,
    carrito_id bigint NOT NULL,
    producto_id bigint NOT NULL
);


ALTER TABLE public.items_carrito OWNER TO admin;

--
-- Name: items_carrito_id_seq; Type: SEQUENCE; Schema: public; Owner: admin
--

ALTER TABLE public.items_carrito ALTER COLUMN id ADD GENERATED BY DEFAULT AS IDENTITY (
    SEQUENCE NAME public.items_carrito_id_seq
    START WITH 1
    INCREMENT BY 1
    NO MINVALUE
    NO MAXVALUE
    CACHE 1
);


--
-- Name: marcas; Type: TABLE; Schema: public; Owner: admin
--

CREATE TABLE public.marcas (
    id bigint NOT NULL,
    nombre character varying(150) NOT NULL,
    descripcion text
);


ALTER TABLE public.marcas OWNER TO admin;

--
-- Name: marcas_id_seq; Type: SEQUENCE; Schema: public; Owner: admin
--

ALTER TABLE public.marcas ALTER COLUMN id ADD GENERATED BY DEFAULT AS IDENTITY (
    SEQUENCE NAME public.marcas_id_seq
    START WITH 1
    INCREMENT BY 1
    NO MINVALUE
    NO MAXVALUE
    CACHE 1
);


--
-- Name: pagos; Type: TABLE; Schema: public; Owner: admin
--

CREATE TABLE public.pagos (
    id bigint NOT NULL,
    monto numeric(10,2) NOT NULL,
    estado character varying(20) NOT NULL,
    metodo_pago character varying(20) NOT NULL,
    fecha_pago timestamp with time zone NOT NULL,
    pedido_id bigint NOT NULL,
    transaccion_id character varying(100)
);


ALTER TABLE public.pagos OWNER TO admin;

--
-- Name: pagos_id_seq; Type: SEQUENCE; Schema: public; Owner: admin
--

ALTER TABLE public.pagos ALTER COLUMN id ADD GENERATED BY DEFAULT AS IDENTITY (
    SEQUENCE NAME public.pagos_id_seq
    START WITH 1
    INCREMENT BY 1
    NO MINVALUE
    NO MAXVALUE
    CACHE 1
);


--
-- Name: pedidos; Type: TABLE; Schema: public; Owner: admin
--

CREATE TABLE public.pedidos (
    id bigint NOT NULL,
    numero_pedido character varying(50) NOT NULL,
    estado character varying(20) NOT NULL,
    total numeric(10,2) NOT NULL,
    direccion_envio text NOT NULL,
    telefono character varying(20) NOT NULL,
    notas text,
    creado_en timestamp with time zone NOT NULL,
    actualizado_en timestamp with time zone NOT NULL,
    usuario_id integer NOT NULL
);


ALTER TABLE public.pedidos OWNER TO admin;

--
-- Name: pedidos_id_seq; Type: SEQUENCE; Schema: public; Owner: admin
--

ALTER TABLE public.pedidos ALTER COLUMN id ADD GENERATED BY DEFAULT AS IDENTITY (
    SEQUENCE NAME public.pedidos_id_seq
    START WITH 1
    INCREMENT BY 1
    NO MINVALUE
    NO MAXVALUE
    CACHE 1
);


--
-- Name: productos; Type: TABLE; Schema: public; Owner: admin
--

CREATE TABLE public.productos (
    id bigint NOT NULL,
    sku character varying(50) NOT NULL,
    nombre character varying(250) NOT NULL,
    descripcion text,
    precio numeric(10,2) NOT NULL,
    imagen character varying(100),
    peso_kg numeric(8,3),
    activo boolean NOT NULL,
    creado_en timestamp with time zone NOT NULL,
    actualizado_en timestamp with time zone NOT NULL,
    categoria_id bigint,
    marca_id bigint,
    stock integer NOT NULL,
    genero character varying(20) NOT NULL,
    volumen_ml integer,
    precio_oferta numeric(10,2),
    CONSTRAINT productos_volumen_ml_check CHECK ((volumen_ml >= 0))
);


ALTER TABLE public.productos OWNER TO admin;

--
-- Name: productos_categorias_secundarias; Type: TABLE; Schema: public; Owner: admin
--

CREATE TABLE public.productos_categorias_secundarias (
    id bigint NOT NULL,
    producto_id bigint NOT NULL,
    categoria_id bigint NOT NULL
);


ALTER TABLE public.productos_categorias_secundarias OWNER TO admin;

--
-- Name: productos_categorias_secundarias_id_seq; Type: SEQUENCE; Schema: public; Owner: admin
--

ALTER TABLE public.productos_categorias_secundarias ALTER COLUMN id ADD GENERATED BY DEFAULT AS IDENTITY (
    SEQUENCE NAME public.productos_categorias_secundarias_id_seq
    START WITH 1
    INCREMENT BY 1
    NO MINVALUE
    NO MAXVALUE
    CACHE 1
);


--
-- Name: productos_id_seq; Type: SEQUENCE; Schema: public; Owner: admin
--

ALTER TABLE public.productos ALTER COLUMN id ADD GENERATED BY DEFAULT AS IDENTITY (
    SEQUENCE NAME public.productos_id_seq
    START WITH 1
    INCREMENT BY 1
    NO MINVALUE
    NO MAXVALUE
    CACHE 1
);


--
-- Name: socialaccount_socialaccount; Type: TABLE; Schema: public; Owner: admin
--

CREATE TABLE public.socialaccount_socialaccount (
    id integer NOT NULL,
    provider character varying(200) NOT NULL,
    uid character varying(191) NOT NULL,
    last_login timestamp with time zone NOT NULL,
    date_joined timestamp with time zone NOT NULL,
    extra_data jsonb NOT NULL,
    user_id integer NOT NULL
);


ALTER TABLE public.socialaccount_socialaccount OWNER TO admin;

--
-- Name: socialaccount_socialaccount_id_seq; Type: SEQUENCE; Schema: public; Owner: admin
--

ALTER TABLE public.socialaccount_socialaccount ALTER COLUMN id ADD GENERATED BY DEFAULT AS IDENTITY (
    SEQUENCE NAME public.socialaccount_socialaccount_id_seq
    START WITH 1
    INCREMENT BY 1
    NO MINVALUE
    NO MAXVALUE
    CACHE 1
);


--
-- Name: socialaccount_socialapp; Type: TABLE; Schema: public; Owner: admin
--

CREATE TABLE public.socialaccount_socialapp (
    id integer NOT NULL,
    provider character varying(30) NOT NULL,
    name character varying(40) NOT NULL,
    client_id character varying(191) NOT NULL,
    secret character varying(191) NOT NULL,
    key character varying(191) NOT NULL,
    provider_id character varying(200) NOT NULL,
    settings jsonb NOT NULL
);


ALTER TABLE public.socialaccount_socialapp OWNER TO admin;

--
-- Name: socialaccount_socialapp_id_seq; Type: SEQUENCE; Schema: public; Owner: admin
--

ALTER TABLE public.socialaccount_socialapp ALTER COLUMN id ADD GENERATED BY DEFAULT AS IDENTITY (
    SEQUENCE NAME public.socialaccount_socialapp_id_seq
    START WITH 1
    INCREMENT BY 1
    NO MINVALUE
    NO MAXVALUE
    CACHE 1
);


--
-- Name: socialaccount_socialapp_sites; Type: TABLE; Schema: public; Owner: admin
--

CREATE TABLE public.socialaccount_socialapp_sites (
    id bigint NOT NULL,
    socialapp_id integer NOT NULL,
    site_id integer NOT NULL
);


ALTER TABLE public.socialaccount_socialapp_sites OWNER TO admin;

--
-- Name: socialaccount_socialapp_sites_id_seq; Type: SEQUENCE; Schema: public; Owner: admin
--

ALTER TABLE public.socialaccount_socialapp_sites ALTER COLUMN id ADD GENERATED BY DEFAULT AS IDENTITY (
    SEQUENCE NAME public.socialaccount_socialapp_sites_id_seq
    START WITH 1
    INCREMENT BY 1
    NO MINVALUE
    NO MAXVALUE
    CACHE 1
);


--
-- Name: socialaccount_socialtoken; Type: TABLE; Schema: public; Owner: admin
--

CREATE TABLE public.socialaccount_socialtoken (
    id integer NOT NULL,
    token text NOT NULL,
    token_secret text NOT NULL,
    expires_at timestamp with time zone,
    account_id integer NOT NULL,
    app_id integer
);


ALTER TABLE public.socialaccount_socialtoken OWNER TO admin;

--
-- Name: socialaccount_socialtoken_id_seq; Type: SEQUENCE; Schema: public; Owner: admin
--

ALTER TABLE public.socialaccount_socialtoken ALTER COLUMN id ADD GENERATED BY DEFAULT AS IDENTITY (
    SEQUENCE NAME public.socialaccount_socialtoken_id_seq
    START WITH 1
    INCREMENT BY 1
    NO MINVALUE
    NO MAXVALUE
    CACHE 1
);


--
-- Name: users_userprofile; Type: TABLE; Schema: public; Owner: admin
--

CREATE TABLE public.users_userprofile (
    id bigint NOT NULL,
    must_change_password boolean NOT NULL,
    user_id integer NOT NULL
);


ALTER TABLE public.users_userprofile OWNER TO admin;

--
-- Name: users_userprofile_id_seq; Type: SEQUENCE; Schema: public; Owner: admin
--

ALTER TABLE public.users_userprofile ALTER COLUMN id ADD GENERATED BY DEFAULT AS IDENTITY (
    SEQUENCE NAME public.users_userprofile_id_seq
    START WITH 1
    INCREMENT BY 1
    NO MINVALUE
    NO MAXVALUE
    CACHE 1
);


--
-- Data for Name: account_emailaddress; Type: TABLE DATA; Schema: public; Owner: admin
--

COPY public.account_emailaddress (id, email, verified, "primary", user_id) FROM stdin;
\.


--
-- Data for Name: account_emailconfirmation; Type: TABLE DATA; Schema: public; Owner: admin
--

COPY public.account_emailconfirmation (id, created, sent, key, email_address_id) FROM stdin;
\.


--
-- Data for Name: auth_group; Type: TABLE DATA; Schema: public; Owner: admin
--

COPY public.auth_group (id, name) FROM stdin;
\.


--
-- Data for Name: auth_group_permissions; Type: TABLE DATA; Schema: public; Owner: admin
--

COPY public.auth_group_permissions (id, group_id, permission_id) FROM stdin;
\.


--
-- Data for Name: auth_permission; Type: TABLE DATA; Schema: public; Owner: admin
--

COPY public.auth_permission (id, name, content_type_id, codename) FROM stdin;
1	Can add log entry	1	add_logentry
2	Can change log entry	1	change_logentry
3	Can delete log entry	1	delete_logentry
4	Can view log entry	1	view_logentry
5	Can add permission	3	add_permission
6	Can change permission	3	change_permission
7	Can delete permission	3	delete_permission
8	Can view permission	3	view_permission
9	Can add group	2	add_group
10	Can change group	2	change_group
11	Can delete group	2	delete_group
12	Can view group	2	view_group
13	Can add user	4	add_user
14	Can change user	4	change_user
15	Can delete user	4	delete_user
16	Can view user	4	view_user
17	Can add content type	5	add_contenttype
18	Can change content type	5	change_contenttype
19	Can delete content type	5	delete_contenttype
20	Can view content type	5	view_contenttype
21	Can add session	6	add_session
22	Can change session	6	change_session
23	Can delete session	6	delete_session
24	Can view session	6	view_session
25	Can add site	7	add_site
26	Can change site	7	change_site
27	Can delete site	7	delete_site
28	Can view site	7	view_site
29	Can add email address	8	add_emailaddress
30	Can change email address	8	change_emailaddress
31	Can delete email address	8	delete_emailaddress
32	Can view email address	8	view_emailaddress
33	Can add email confirmation	9	add_emailconfirmation
34	Can change email confirmation	9	change_emailconfirmation
35	Can delete email confirmation	9	delete_emailconfirmation
36	Can view email confirmation	9	view_emailconfirmation
37	Can add social account	10	add_socialaccount
38	Can change social account	10	change_socialaccount
39	Can delete social account	10	delete_socialaccount
40	Can view social account	10	view_socialaccount
41	Can add social application	11	add_socialapp
42	Can change social application	11	change_socialapp
43	Can delete social application	11	delete_socialapp
44	Can view social application	11	view_socialapp
45	Can add social application token	12	add_socialtoken
46	Can change social application token	12	change_socialtoken
47	Can delete social application token	12	delete_socialtoken
48	Can view social application token	12	view_socialtoken
49	Can add user profile	13	add_userprofile
50	Can change user profile	13	change_userprofile
51	Can delete user profile	13	delete_userprofile
52	Can view user profile	13	view_userprofile
53	Can add Marca	15	add_marca
54	Can change Marca	15	change_marca
55	Can delete Marca	15	delete_marca
56	Can view Marca	15	view_marca
57	Can add Categoría	14	add_categoria
58	Can change Categoría	14	change_categoria
59	Can delete Categoría	14	delete_categoria
60	Can view Categoría	14	view_categoria
61	Can add Producto	16	add_producto
62	Can change Producto	16	change_producto
63	Can delete Producto	16	delete_producto
64	Can view Producto	16	view_producto
65	Can add Carrito	17	add_carrito
66	Can change Carrito	17	change_carrito
67	Can delete Carrito	17	delete_carrito
68	Can view Carrito	17	view_carrito
69	Can add Pedido	21	add_pedido
70	Can change Pedido	21	change_pedido
71	Can delete Pedido	21	delete_pedido
72	Can view Pedido	21	view_pedido
73	Can add Pago	20	add_pago
74	Can change Pago	20	change_pago
75	Can delete Pago	20	delete_pago
76	Can view Pago	20	view_pago
77	Can add Detalle de Pedido	18	add_detallepedido
78	Can change Detalle de Pedido	18	change_detallepedido
79	Can delete Detalle de Pedido	18	delete_detallepedido
80	Can view Detalle de Pedido	18	view_detallepedido
81	Can add Item de Carrito	19	add_itemcarrito
82	Can change Item de Carrito	19	change_itemcarrito
83	Can delete Item de Carrito	19	delete_itemcarrito
84	Can view Item de Carrito	19	view_itemcarrito
\.


--
-- Data for Name: auth_user; Type: TABLE DATA; Schema: public; Owner: admin
--

COPY public.auth_user (id, password, last_login, is_superuser, username, first_name, last_name, email, is_staff, is_active, date_joined) FROM stdin;
1	pbkdf2_sha256$1200000$KvTzGULBwo8MtWH5tOvyTf$DfAotVB8Gvre6UWk4DeJvQBIPttC7jQA6L49UfuyF00=	2026-02-26 14:49:10.766-06	t	Joss	Jose A.	Vargas Cisneros	jossA@example.com	t	t	2026-02-19 23:01:19-06
2	pbkdf2_sha256$1200000$W7hLN2bqZQMi0ukJxeRdrt$EVpvRYy4VH8zk/RPd6TQO12+v/BthQ5fhJvbuFshcvM=	2026-02-22 13:24:01-06	f	Adal	Adalberto	Dominguez	adald@gmail.com	f	t	2026-02-19 23:17:27-06
\.


--
-- Data for Name: auth_user_groups; Type: TABLE DATA; Schema: public; Owner: admin
--

COPY public.auth_user_groups (id, user_id, group_id) FROM stdin;
\.


--
-- Data for Name: auth_user_user_permissions; Type: TABLE DATA; Schema: public; Owner: admin
--

COPY public.auth_user_user_permissions (id, user_id, permission_id) FROM stdin;
\.


--
-- Data for Name: carritos; Type: TABLE DATA; Schema: public; Owner: admin
--

COPY public.carritos (id, creado_en, actualizado_en, usuario_id) FROM stdin;
1	2026-02-19 23:17:28.25-06	2026-02-19 23:17:28.25-06	2
2	2026-02-19 23:37:13.562-06	2026-02-19 23:37:13.562-06	1
\.


--
-- Data for Name: categorias; Type: TABLE DATA; Schema: public; Owner: admin
--

COPY public.categorias (id, nombre, slug, descripcion, padre_id) FROM stdin;
3	Unisex	unisex	Para todos	\N
4	Floral	floral	Notas florales	\N
5	Amaderado	amaderado	Notas de madera	\N
7	Oriental	oriental	Notas especiadas y exóticas	\N
26	Hombre	hombre	\N	\N
27	Mujer	mujer	\N	\N
28	Cítrico	citrico	\N	\N
29	Frutal	frutal		\N
30	Ambar	ambar		\N
31	Especiado	especiado		\N
\.


--
-- Data for Name: detalles_pedidos; Type: TABLE DATA; Schema: public; Owner: admin
--

COPY public.detalles_pedidos (id, cantidad, precio_unitario, subtotal, producto_id, pedido_id) FROM stdin;
\.


--
-- Data for Name: django_admin_log; Type: TABLE DATA; Schema: public; Owner: admin
--

COPY public.django_admin_log (id, action_time, object_id, object_repr, action_flag, change_message, content_type_id, user_id) FROM stdin;
1	2026-02-19 23:41:38.108-06	2	demo	3		4	1
2	2026-02-20 19:48:23.205-06	1	Joss	2	[{"changed": {"fields": ["Username"]}}]	4	1
3	2026-02-21 11:17:38.734-06	3	Adal	2	[{"changed": {"fields": ["First name", "Last name"]}}]	4	1
4	2026-02-21 11:17:57.191-06	1	Joss	2	[{"changed": {"fields": ["First name", "Last name"]}}]	4	1
5	2026-02-22 14:20:35.823-06	15	Musk Collection	1	[{"added": {}}]	15	1
6	2026-02-22 14:21:26.499-06	17	Oriental Night	2	[{"changed": {"fields": ["Marca"]}}]	16	1
7	2026-02-22 14:21:29.976-06	17	Oriental Night	2	[]	16	1
8	2026-02-22 14:22:11.939-06	16	Aqua Vitae Forte	2	[{"changed": {"fields": ["Nombre"]}}]	16	1
9	2026-02-22 14:24:00.863-06	16	Marc Jacobs	1	[{"added": {}}]	15	1
10	2026-02-22 14:24:09.067-06	15	Daisy	2	[{"changed": {"fields": ["Marca"]}}]	16	1
11	2026-02-22 14:30:58.518-06	21	Oud Wood	2	[{"changed": {"fields": ["Imagen"]}}]	16	1
12	2026-02-22 14:32:16.48-06	21	Oud Wood	2	[{"changed": {"fields": ["Imagen"]}}]	16	1
13	2026-02-22 14:32:22.901-06	21	Oud Wood	2	[]	16	1
14	2026-02-22 14:32:51.375-06	20	Chance Eau Tendre	2	[{"changed": {"fields": ["Imagen"]}}]	16	1
15	2026-02-22 14:33:01.873-06	20	Chance Eau Tendre	2	[]	16	1
16	2026-02-22 14:33:24.669-06	19	Bleu de Chanel	2	[{"changed": {"fields": ["Imagen"]}}]	16	1
17	2026-02-22 14:33:46.644-06	18	Noir Extreme	2	[{"changed": {"fields": ["Imagen"]}}]	16	1
18	2026-02-22 14:34:07.412-06	17	Oriental Night	2	[{"changed": {"fields": ["Imagen"]}}]	16	1
19	2026-02-22 14:34:22.92-06	16	Aqua Vitae Forte	2	[{"changed": {"fields": ["Imagen"]}}]	16	1
20	2026-02-22 14:34:45.373-06	15	Daisy	2	[{"changed": {"fields": ["Imagen"]}}]	16	1
21	2026-02-22 14:35:02.774-06	14	Santal 33	2	[{"changed": {"fields": ["Imagen"]}}]	16	1
22	2026-02-22 14:35:22.144-06	13	Baccarat Rouge 540	2	[{"changed": {"fields": ["Imagen"]}}]	16	1
23	2026-02-22 14:37:13.608-06	17	Nautica	1	[{"added": {}}]	15	1
24	2026-02-22 14:40:42.923-06	12	Blue Sail	2	[{"changed": {"fields": ["Nombre", "Marca", "Categoria", "Categorias secundarias", "Genero", "Imagen", "Descripcion"]}}]	16	1
25	2026-02-22 14:42:19.779-06	12	Blue Sail	2	[{"changed": {"fields": ["Categoria"]}}]	16	1
26	2026-02-22 14:45:34.771-06	18	Polo Club	1	[{"added": {}}]	15	1
27	2026-02-22 14:51:09.211-06	11	Blue	2	[{"changed": {"fields": ["Nombre", "Marca", "Categoria", "Categorias secundarias", "Genero", "Imagen", "Descripcion"]}}]	16	1
28	2026-02-22 14:51:59.041-06	12	Blue Sail	2	[{"changed": {"fields": ["Categorias secundarias"]}}]	16	1
29	2026-02-22 14:57:02.626-06	29	Frutal	1	[{"added": {}}]	14	1
30	2026-02-22 14:59:09.756-06	30	Ambar	1	[{"added": {}}]	14	1
31	2026-02-22 14:59:12.559-06	10	Aventus	2	[{"changed": {"fields": ["Categoria", "Categorias secundarias", "Descripcion"]}}]	16	1
32	2026-02-22 14:59:30.836-06	10	Aventus	2	[{"changed": {"fields": ["Imagen"]}}]	16	1
33	2026-02-22 15:03:44.738-06	25	Unisex - Frutal	3		14	1
34	2026-02-22 15:03:44.738-06	24	Unisex - Fresco	3		14	1
35	2026-02-22 15:03:44.738-06	23	Unisex - Oriental	3		14	1
36	2026-02-22 15:03:44.738-06	22	Unisex - Cítrico	3		14	1
37	2026-02-22 15:03:44.738-06	21	Unisex - Amaderado	3		14	1
38	2026-02-22 15:03:44.738-06	20	Unisex - Floral	3		14	1
39	2026-02-22 15:03:44.739-06	19	Mujer - Frutal	3		14	1
40	2026-02-22 15:03:44.739-06	18	Mujer - Fresco	3		14	1
41	2026-02-22 15:03:44.739-06	17	Mujer - Oriental	3		14	1
42	2026-02-22 15:03:44.739-06	16	Mujer - Cítrico	3		14	1
43	2026-02-22 15:03:44.739-06	15	Mujer - Amaderado	3		14	1
44	2026-02-22 15:03:44.739-06	14	Mujer - Floral	3		14	1
45	2026-02-22 15:03:44.739-06	13	Hombre - Frutal	3		14	1
46	2026-02-22 15:03:44.739-06	12	Hombre - Fresco	3		14	1
47	2026-02-22 15:03:44.739-06	11	Hombre - Oriental	3		14	1
48	2026-02-22 15:03:44.739-06	10	Hombre - Cítrico	3		14	1
49	2026-02-22 15:03:44.739-06	9	Hombre - Amaderado	3		14	1
50	2026-02-22 15:03:44.739-06	8	Hombre - Floral	3		14	1
51	2026-02-22 15:03:44.739-06	6	Cítrico	3		14	1
52	2026-02-22 15:03:44.739-06	2	Mujeres	3		14	1
53	2026-02-22 15:03:44.739-06	1	Hombres	3		14	1
54	2026-02-22 15:10:29.023-06	9	La Vie Est Belle	2	[{"changed": {"fields": ["Categoria", "Categorias secundarias", "Imagen"]}}]	16	1
55	2026-02-22 15:11:44.644-06	10	Aventus	2	[{"changed": {"fields": ["Genero"]}}]	16	1
56	2026-02-22 15:12:58.323-06	14	Santal 33	2	[{"changed": {"fields": ["Categorias secundarias", "Descripcion"]}}]	16	1
57	2026-02-22 15:14:53.16-06	16	Aqua Vitae Forte	2	[{"changed": {"fields": ["Categorias secundarias", "Descripcion"]}}]	16	1
58	2026-02-22 15:15:46.799-06	21	Oud Wood	2	[{"changed": {"fields": ["Categorias secundarias", "Descripcion"]}}]	16	1
59	2026-02-22 15:18:11.182-06	8	One Million	2	[{"changed": {"fields": ["Categoria", "Categorias secundarias", "Genero", "Imagen", "Descripcion"]}}]	16	1
60	2026-02-22 15:20:51.767-06	7	Acqua di Gio	2	[{"changed": {"fields": ["Categoria", "Categorias secundarias", "Genero", "Imagen", "Descripcion"]}}]	16	1
61	2026-02-22 15:21:50.208-06	20	Chance Eau Tendre	2	[{"changed": {"fields": ["Categorias secundarias", "Stock", "Descripcion"]}}]	16	1
62	2026-02-22 15:22:08.194-06	21	Oud Wood	2	[{"changed": {"fields": ["Stock"]}}]	16	1
63	2026-02-22 15:23:04.883-06	31	Especiado	1	[{"added": {}}]	14	1
64	2026-02-22 15:23:27.934-06	19	Bleu de Chanel	2	[{"changed": {"fields": ["Categorias secundarias", "Stock", "Descripcion"]}}]	16	1
65	2026-02-22 15:25:21.675-06	18	Noir Extreme	2	[{"changed": {"fields": ["Categorias secundarias", "Stock", "Descripcion"]}}]	16	1
66	2026-02-22 15:26:47.416-06	17	Oriental Night	2	[{"changed": {"fields": ["Categoria", "Categorias secundarias", "Genero", "Stock", "Descripcion"]}}]	16	1
67	2026-02-22 15:27:11.873-06	16	Aqua Vitae Forte	2	[{"changed": {"fields": ["Stock"]}}]	16	1
68	2026-02-22 15:31:16.41-06	15	Daisy	2	[{"changed": {"fields": ["Categorias secundarias", "Stock", "Descripcion"]}}]	16	1
69	2026-02-22 15:31:25.523-06	14	Santal 33	2	[{"changed": {"fields": ["Stock"]}}]	16	1
70	2026-02-22 15:32:45.073-06	13	Baccarat Rouge 540	2	[{"changed": {"fields": ["Categorias secundarias", "Stock", "Descripcion"]}}]	16	1
71	2026-02-22 15:34:01.913-06	12	Blue Sail	2	[{"changed": {"fields": ["Categorias secundarias", "Descripcion"]}}]	16	1
72	2026-02-22 15:35:47.982-06	11	Blue	2	[]	16	1
73	2026-02-22 15:35:54.494-06	10	Aventus	2	[]	16	1
74	2026-02-22 15:37:07.449-06	9	La Vie Est Belle	2	[{"changed": {"fields": ["Descripcion"]}}]	16	1
75	2026-02-22 15:37:24.712-06	8	One Million	2	[]	16	1
76	2026-02-22 15:37:36.284-06	7	Acqua di Gio	2	[]	16	1
77	2026-02-22 15:40:20.094-06	6	Tobacco Vanille	2	[{"changed": {"fields": ["Categoria", "Categorias secundarias", "Descripcion"]}}]	16	1
78	2026-02-22 15:40:33.984-06	6	Tobacco Vanille	2	[{"changed": {"fields": ["Imagen"]}}]	16	1
79	2026-02-22 15:43:24.933-06	5	Good Girl	2	[{"changed": {"fields": ["Categoria", "Categorias secundarias", "Imagen", "Descripcion"]}}]	16	1
80	2026-02-22 15:45:18.236-06	4	Black Opium	2	[{"changed": {"fields": ["Categoria", "Categorias secundarias", "Imagen", "Descripcion"]}}]	16	1
81	2026-02-22 15:47:37.083-06	3	Eros	2	[{"changed": {"fields": ["Categorias secundarias", "Descripcion"]}}]	16	1
82	2026-02-22 15:47:44.414-06	3	Eros	2	[{"changed": {"fields": ["Imagen"]}}]	16	1
83	2026-02-22 15:50:25.968-06	2	Sauvage	2	[{"changed": {"fields": ["Categoria", "Categorias secundarias", "Imagen", "Descripcion"]}}]	16	1
84	2026-02-22 15:52:22.604-06	19	Lacoste	1	[{"added": {}}]	15	1
85	2026-02-22 15:56:35.139-06	1	Blanc Pure	2	[{"changed": {"fields": ["Nombre", "Marca", "Categoria", "Categorias secundarias", "Imagen", "Descripcion"]}}]	16	1
86	2026-02-22 15:57:02.201-06	4	Black Opium	2	[{"changed": {"fields": ["Imagen"]}}]	16	1
87	2026-02-22 15:57:12.173-06	4	Black Opium	2	[]	16	1
88	2026-02-22 15:57:20.437-06	1	Blanc Pure	2	[]	16	1
89	2026-02-22 21:29:30.851-06	1	Joss	2	[{"changed": {"fields": ["Last name", "Email address"]}}]	4	1
90	2026-02-22 21:34:04.811-06	21	Oud Wood	2	[{"changed": {"fields": ["Activo"]}}]	16	1
91	2026-02-22 21:34:55.381-06	21	Oud Wood	2	[{"changed": {"fields": ["Activo"]}}]	16	1
92	2026-02-22 21:35:41.084-06	1	example.com	3		7	1
93	2026-02-23 10:25:29.433-06	21	Oud Wood	2	[]	16	1
94	2026-02-23 10:27:21.393-06	3	Adal	2	[{"changed": {"fields": ["Last name"]}}]	4	1
95	2026-02-23 10:28:16.158-06	21	Oud Wood	2	[{"changed": {"fields": ["Precio oferta"]}}]	16	1
96	2026-02-23 10:29:02.39-06	21	Oud Wood	2	[{"changed": {"fields": ["Precio oferta"]}}]	16	1
\.


--
-- Data for Name: django_content_type; Type: TABLE DATA; Schema: public; Owner: admin
--

COPY public.django_content_type (id, app_label, model) FROM stdin;
1	admin	logentry
2	auth	group
3	auth	permission
4	auth	user
5	contenttypes	contenttype
6	sessions	session
7	sites	site
8	account	emailaddress
9	account	emailconfirmation
10	socialaccount	socialaccount
11	socialaccount	socialapp
12	socialaccount	socialtoken
13	users	userprofile
14	catalog	categoria
15	catalog	marca
16	catalog	producto
17	orders	carrito
18	orders	detallepedido
19	orders	itemcarrito
20	orders	pago
21	orders	pedido
\.


--
-- Data for Name: django_migrations; Type: TABLE DATA; Schema: public; Owner: admin
--

COPY public.django_migrations (id, app, name, applied) FROM stdin;
1	contenttypes	0001_initial	2026-02-26 15:32:42.805219-06
2	auth	0001_initial	2026-02-26 15:32:42.871672-06
3	account	0001_initial	2026-02-26 15:32:42.908463-06
4	account	0002_email_max_length	2026-02-26 15:32:42.922219-06
5	account	0003_alter_emailaddress_create_unique_verified_email	2026-02-26 15:32:42.945511-06
6	account	0004_alter_emailaddress_drop_unique_email	2026-02-26 15:32:42.96863-06
7	account	0005_emailaddress_idx_upper_email	2026-02-26 15:32:42.982492-06
8	account	0006_emailaddress_lower	2026-02-26 15:32:42.998554-06
9	account	0007_emailaddress_idx_email	2026-02-26 15:32:43.021452-06
10	account	0008_emailaddress_unique_primary_email_fixup	2026-02-26 15:32:43.037483-06
11	account	0009_emailaddress_unique_primary_email	2026-02-26 15:32:43.05042-06
12	admin	0001_initial	2026-02-26 15:32:43.073875-06
13	admin	0002_logentry_remove_auto_add	2026-02-26 15:32:43.092895-06
14	admin	0003_logentry_add_action_flag_choices	2026-02-26 15:32:43.105812-06
15	contenttypes	0002_remove_content_type_name	2026-02-26 15:32:43.132072-06
16	auth	0002_alter_permission_name_max_length	2026-02-26 15:32:43.146323-06
17	auth	0003_alter_user_email_max_length	2026-02-26 15:32:43.159548-06
18	auth	0004_alter_user_username_opts	2026-02-26 15:32:43.170589-06
19	auth	0005_alter_user_last_login_null	2026-02-26 15:32:43.184831-06
20	auth	0006_require_contenttypes_0002	2026-02-26 15:32:43.187343-06
21	auth	0007_alter_validators_add_error_messages	2026-02-26 15:32:43.198737-06
22	auth	0008_alter_user_username_max_length	2026-02-26 15:32:43.214343-06
23	auth	0009_alter_user_last_name_max_length	2026-02-26 15:32:43.226827-06
24	auth	0010_alter_group_name_max_length	2026-02-26 15:32:43.242389-06
25	auth	0011_update_proxy_permissions	2026-02-26 15:32:43.254385-06
26	auth	0012_alter_user_first_name_max_length	2026-02-26 15:32:43.268483-06
27	catalog	0001_initial	2026-02-26 15:32:43.304498-06
28	catalog	0002_producto_stock	2026-02-26 15:32:43.313662-06
29	catalog	0003_producto_genero	2026-02-26 15:32:43.32343-06
30	catalog	0004_producto_categorias_secundarias	2026-02-26 15:32:43.343502-06
31	catalog	0005_producto_volumen_ml	2026-02-26 15:32:43.352413-06
32	catalog	0006_producto_precio_oferta	2026-02-26 15:32:43.36137-06
33	orders	0001_initial	2026-02-26 15:32:43.498573-06
34	orders	0002_alter_pago_options_rename_creado_en_pago_fecha_pago_and_more	2026-02-26 15:32:43.603228-06
35	sessions	0001_initial	2026-02-26 15:32:43.61761-06
36	sites	0001_initial	2026-02-26 15:32:43.625275-06
37	sites	0002_alter_domain_unique	2026-02-26 15:32:43.633017-06
38	socialaccount	0001_initial	2026-02-26 15:32:43.748472-06
39	socialaccount	0002_token_max_lengths	2026-02-26 15:32:43.784757-06
40	socialaccount	0003_extra_data_default_dict	2026-02-26 15:32:43.809732-06
41	socialaccount	0004_app_provider_id_settings	2026-02-26 15:32:43.844803-06
42	socialaccount	0005_socialtoken_nullable_app	2026-02-26 15:32:43.883429-06
43	socialaccount	0006_alter_socialaccount_extra_data	2026-02-26 15:32:43.905274-06
44	users	0001_initial	2026-02-26 15:32:43.941226-06
\.


--
-- Data for Name: django_session; Type: TABLE DATA; Schema: public; Owner: admin
--

COPY public.django_session (session_key, session_data, expire_date) FROM stdin;
8of3hs6puzn9jagl0l9llqxbuo41czkl	.eJxVjMsOwiAQRf-FtSG8YVy69xvIAFOpGkhKuzL-uzbpQrf3nHNfLOK21rgNWuJc2JlJdvrdEuYHtR2UO7Zb57m3dZkT3xV-0MGvvdDzcrh_BxVH_daIKQityBFYk4TVzruJFCQCk0EIQqNdgTLJ4JIHMlmiscFbhQZE9uz9Ad9ON4M:1vuAdV:KXYBRMRuOYd_bVbnprpFxf-pY4reypeweVM5EPEc0Fs	2026-03-08 08:40:41.654-06
i6bqcsod4efw3ewqk1hxc0ix6sbdkk9w	.eJxVjMsOwiAQRf-FtSG8YVy69xvIAFOpGkhKuzL-uzbpQrf3nHNfLOK21rgNWuJc2JlJdvrdEuYHtR2UO7Zb57m3dZkT3xV-0MGvvdDzcrh_BxVH_daIKQityBFYk4TVzruJFCQCk0EIQqNdgTLJ4JIHMlmiscFbhQZE9uz9Ad9ON4M:1vviII:m6A-bTQ2PQf4A7CYyf96DiLXvknXWFQ7ZsU-R90YyNI	2026-03-12 14:49:10.777-06
\.


--
-- Data for Name: django_site; Type: TABLE DATA; Schema: public; Owner: admin
--

COPY public.django_site (id, domain, name) FROM stdin;
1	example.com	example.com
2	127.0.0.1	Localhost
\.


--
-- Data for Name: items_carrito; Type: TABLE DATA; Schema: public; Owner: admin
--

COPY public.items_carrito (id, cantidad, creado_en, actualizado_en, carrito_id, producto_id) FROM stdin;
\.


--
-- Data for Name: marcas; Type: TABLE DATA; Schema: public; Owner: admin
--

COPY public.marcas (id, nombre, descripcion) FROM stdin;
1	Chanel	\N
2	Dior	\N
3	Versace	\N
4	Yves Saint Laurent	\N
5	Tom Ford	\N
6	Gucci	\N
7	Armani	\N
8	Paco Rabanne	\N
9	Carolina Herrera	\N
10	Lancôme	\N
11	Creed	\N
12	Le Labo	\N
13	Maison Francis Kurkdjian	\N
14	Giorgio Armani	\N
15	Musk Collection	
16	Marc Jacobs	
17	Nautica	
18	Polo Club	
19	Lacoste	
\.


--
-- Data for Name: pagos; Type: TABLE DATA; Schema: public; Owner: admin
--

COPY public.pagos (id, monto, estado, metodo_pago, fecha_pago, pedido_id, transaccion_id) FROM stdin;
\.


--
-- Data for Name: pedidos; Type: TABLE DATA; Schema: public; Owner: admin
--

COPY public.pedidos (id, numero_pedido, estado, total, direccion_envio, telefono, notas, creado_en, actualizado_en, usuario_id) FROM stdin;
\.


--
-- Data for Name: productos; Type: TABLE DATA; Schema: public; Owner: admin
--

COPY public.productos (id, sku, nombre, descripcion, precio, imagen, peso_kg, activo, creado_en, actualizado_en, categoria_id, marca_id, stock, genero, volumen_ml, precio_oferta) FROM stdin;
1	SKU-BLE-1150	Blanc Pure	Lacoste Blanc Pure es una fragancia masculina lanzada en 2011, con un aroma fresco, limpio y dinámico. Combina notas de salida de toronja (pomelo), romero, cardamomo y agujas de cedro, un corazón floral de ylang-ylang y nardos, y un fondo amaderado y terroso de cedro de Virginia, cuero, gamuza y vetiver.  Ideal para uso diario, especialmente en primavera y verano.	3500.00	productos/Blanc_Pure.png	\N	t	2026-02-19 19:13:38.322-06	2026-02-22 15:57:20.434-06	26	19	50	hombre	50	\N
2	SKU-SAU-8652	Sauvage	Sauvage de Dior es una fragancia masculina lanzada en 2015, creada por François Demachy. La versión Eau de Toilette destaca por notas de bergamota de Calabria y pimienta en la salida, un corazón de lavanda, pimienta de Sichuan, vetiver y geranio, y un fondo de cedro, ládano y ambroxan.  Es fresca, especiada y con gran proyección, ideal para uso diario y nocturno. La versión Parfum es más intensa, con mandarina, sándalo, vainilla, incienso y haba tonka, ofreciendo un perfil más cálido, amaderado y sensual.	3200.00	productos/Sauvage.png	\N	t	2026-02-19 19:13:38.327-06	2026-02-22 15:50:25.964-06	26	2	50	hombre	50	\N
3	SKU-ERO-7754	Eros	Versace Eros es una fragancia masculina lanzada en 2012 (EDT) y 2020 (EDP), inspirada en el dios griego del amor. La versión original combina notas de menta, manzana verde y limón en la salida, un corazón de haba tonka, geranio y ambroxan, y una base de vainilla, vetiver, cedro y musgo de roble.  Es fresca, especiada y amaderada, ideal para hombres jóvenes y seguros de sí mismos, con buena proyección y duración.	2800.00	productos/Versace_Eros.png	\N	t	2026-02-19 19:13:38.332-06	2026-02-22 15:47:44.411-06	\N	3	50	hombre	50	\N
4	SKU-BLA-1894	Black Opium	Black Opium de Yves Saint Laurent es una fragancia femenina lanzada en 2014, creada por Nathalie Lorson, Marie Salamagne, Olivier Cresp y Honorine Blanc. Combina notas de salida de pera, pimienta rosa y flor de azahar, un corazón de café, jazmín, almendra amarga y regaliz, y un fondo de vainilla, pachulí, cedro y madera de cachemira.  Su aroma es dulce, sensual y adictivo, con un toque moderno y rockero. Ideal para uso nocturno en otoño e invierno, con buena duración y estela intensa.	3100.00	productos/Black_Opium.png	\N	t	2026-02-19 19:13:38.338-06	2026-02-22 15:57:12.169-06	27	4	50	mujer	50	\N
5	SKU-GOO-1158	Good Girl	Good Girl de Carolina Herrera es una fragancia femenina lanzada en 2016, creada por Louise Turner. Combina notas de salida de almendra, café, bergamota y limón, un corazón floral de jazmín sambac, nardos, flor de azahar y rosa de Bulgaria, y un fondo cálido de haba tonka, cacao, vainilla, praliné y maderas.  Su aroma seductor y sofisticado refleja la dualidad de la mujer moderna: dulce y atrevida, elegante y misteriosa. Ideal para uso nocturno, con buena duración y estela.	2950.00	productos/Good_girl_2.png	\N	t	2026-02-19 19:13:38.346-06	2026-02-22 15:43:24.929-06	27	9	50	mujer	50	\N
6	SKU-TOB-2628	Tobacco Vanille	Tobacco Vanille de Tom Ford es una fragancia icónica lanzada en 2007, creada por Olivier Gillotin. Combina notas de hojas de tabaco y especias en la salida, un corazón gourmand de vainilla, cacao, haba tonka y flor de tabaco, y un fondo de frutos secos y notas amaderadas.  Su aroma es cálido, dulce y envolvente, ideal para climas fríos y ocasiones especiales, con excelente duración y proyección. Aunque su intensidad la hace más usada por hombres, su perfil unisex la hace atractiva para cualquier género.	6500.00	productos/Tobacco_Vanille.png	\N	t	2026-02-19 19:13:38.351-06	2026-02-22 15:40:33.98-06	3	5	50	unisex	50	\N
7	SKU-ACQ-2538	Acqua di Gio	Acqua di Gio de Giorgio Armani es una fragancia masculina icónica lanzada en 1996, creada por Alberto Morillas. Inspirada en la isla de Pantelleria, combina notas cítricas y marinas como bergamota, limón, mandarina y acordes acuáticos en la salida, un corazón floral y aromático con jazmín, romero, ciclamen y calone, y una base amaderada y ambarada de cedro, pachulí, musgo de roble y almizcle blanco.  Es una fragancia fresca, elegante y atemporal, ideal para uso diurno en climas cálidos.	2600.00	productos/Acqua_di_Gio.png	\N	t	2026-02-19 19:13:38.356-06	2026-02-22 15:37:36.282-06	26	7	50	hombre	50	\N
8	SKU-ONE-7787	One Million	One Million de Paco Rabanne es una fragancia masculina lanzada en 2008, creada por Christophe Raynaud, Olivier Pescheux y Michel Girard. Combina notas de salida de mandarina roja, pomelo y menta, un corazón de rosa, canela y especias, y una base intensa de cuero, ámbar, maderas y pachulí.  Su aroma es audaz, seductor y duradero, con una estela poderosa que lo convierte en un icono moderno. Ideal para hombres que buscan una fragancia con personalidad y presencia.	2700.00	productos/One_Million.png	\N	t	2026-02-19 19:13:38.361-06	2026-02-22 15:37:24.709-06	26	8	50	hombre	50	\N
9	SKU-LA -7553	La Vie Est Belle	Es un perfume femenino icónico lanzado en 2012, creado por Olivier Polge, Dominique Ropion y Anne Flipo. Combina notas de salida de grosellas negras y pera, un corazón floral de iris, jazmín y flor de azahar, y un fondo dulce y cálido de praliné, vainilla, haba tonka y pachulí.  Su aroma envolvente, sofisticado y alegre la convierte en una fragancia ideal para uso diario y ocasiones especiales, con buena duración y estela.	2900.00	productos/La_Vie_Est_Bell.png	\N	t	2026-02-19 19:13:38.37-06	2026-02-22 15:37:07.446-06	27	10	50	mujer	50	\N
10	SKU-AVE-6624	Aventus	Aventus de Creed, combina notas frescas, frutales y amaderadas. Destaca por su salida de piña, bergamota, manzana y limón, un corazón de jazmín y pachulí, y una base profunda de abedul, almizcle, musgo de roble y cedro. Es una fragancia sofisticada, poderosa y duradera, ideal para hombres que buscan una estela distintiva y elegante, perfecta para ocasiones especiales o uso nocturno.	8500.00	productos/Aventus.png	\N	t	2026-02-19 19:13:38.378-06	2026-02-22 15:35:54.491-06	26	11	50	hombre	50	\N
11	SKU-SAN-6141	Blue	Polo Club Blue para hombre es una fragancia fresca y aromática, ideal para uso diario.  Destaca por sus notas cítricas y acuáticas, con melón, mandarina y pepino en la salida, seguidas de albahaca y geranio, y una base de madera de gamuza, almizcle y pachulí. Es versátil, con buena proyección y duración moderada, perfecta para climas cálidos y ocasiones informales	5200.00	productos/Polo_Club_Blue.png	\N	t	2026-02-19 19:13:38.387-06	2026-02-22 15:35:47.979-06	26	18	50	hombre	50	\N
12	SKU-BAC-9335	Blue Sail	Blue Sail de Nautica es una fragancia masculina lanzada en 2017, con un aroma fresco, verde y marino. Combina notas de salida de hojas verdes, manzana, bergamota y cáscara de naranja, un corazón de notas acuáticas, ciprés azul, lavanda y bayas de enebro, y un fondo de sándalo, vetiver y maderas.  Es ideal para uso diurno en climas cálidos, con una duración moderada (3-5 horas) y una estela ligera. Por su relación calidad-precio, es popular como fragancia casual y juvenil.	9800.00	productos/Blue_sail.png	\N	t	2026-02-19 19:13:38.396-06	2026-02-22 15:34:01.909-06	26	17	50	hombre	50	\N
13	SKU-001	Baccarat Rouge 540	Baccarat Rouge 540 de Maison Francis Kurkdjian es una fragancia icónica lanzada en 2015, inspirada en la fusión del cristal Baccarat con oro a 540 °C. Combina notas de azafrán y jazmín en la salida, un corazón de ámbar gris, amberwood y hediona, y una base de resina de abeto, cedro, azúcar y ambroxan.  Su aroma es cálido, dulce, amaderado y ligeramente mineral, con excelente duración y proyección. Ideal para cualquier época del año, es una de las fragancias más reconocidas y copiadas del mundo.	9800.00	productos/Baccarat_Rouge_540_3UTOqlP.png	\N	t	2026-02-21 22:29:23.598-06	2026-02-22 15:32:45.069-06	26	13	50	hombre	50	\N
14	SKU-002	Santal 33	Santal 33 de Le Labo es una fragancia icónica lanzada en 2011, creada por Frank Voelkl. Destaca por sus notas de sándalo australiano, cedro, cardamomo, iris, violeta y cuero, con un carácter amaderado, especiado y ligeramente ahumado.  Su aroma cálido y envolvente la hace versátil y distintiva, ideal para cualquier época del año y usada tanto por hombres como por mujeres.	9800.00	productos/Santa_33_538HGJo.png	\N	t	2026-02-21 22:29:23.604-06	2026-02-22 15:31:25.52-06	3	12	50	unisex	50	\N
15	SKU-003	Daisy	Daisy de Marc Jacobs es una fragancia femenina lanzada en 2007, creada por Alberto Morillas. Combina notas de salida de hojas de violeta, toronja sanguina y fresa, un corazón floral de violeta, gardenia y jazmín, y una base suave de almizcle, maderas blancas y vainilla.  Es fresca, dulce y femenina, ideal para uso diurno en primavera y verano, con buena proyección y estela agradable.	1200.00	productos/Daisy_oVFYLKV.png	\N	t	2026-02-21 22:29:23.61-06	2026-02-22 15:31:16.407-06	27	16	50	mujer	50	\N
16	SKU-004	Aqua Vitae Forte	Aqua Vitae Forte de Maison Francis Kurkdjian es una fragancia luminosa y cálida lanzada en 2015. Combina notas cítricas y especiadas como bergamota, limón, mandarina, canela, cardamomo y pimienta rosa en la salida, un corazón floral de ylang-ylang y flor de naranjo, y una base amaderada de sándalo y vetiver.  Su aroma evoca un vínculo entre el frescor de las noches y la calidez del pasado, con buena duración (6-8 horas) y estela moderada. Ideal para climas templados y uso diurno, es versátil y sofisticada.	450.00	productos/Citrus_blend_LsfixzK.png	\N	t	2026-02-21 22:29:23.616-06	2026-02-22 15:27:11.87-06	3	13	50	unisex	50	\N
17	SKU-005	Oriental Night	Oriental Night de Musk Collection es una fragancia cálida, profunda y envolvente, ideal para uso nocturno. Combina notas de almizcle, sándalo, ámbar, incienso, pachulí y especias, creando un perfil rico, sensual y ligeramente ahumado.  Su aroma denso y persistente la hace perfecta para otoño e invierno, con buena duración y estela.	2200.00	productos/Oriental_night_EoH4ITe.png	\N	t	2026-02-21 22:29:23.622-06	2026-02-22 15:26:47.414-06	3	15	50	unisex	50	\N
18	SKU-006	Noir Extreme	Noir Extreme de Tom Ford es una fragancia masculina lanzada en 2015, creada por Sonia Constant. Combina notas de salida de cardamomo, mandarina, azafrán y neroli, un corazón de kulfi indio, rosa, jazmín y flor de azahar, y una base cálida de vainilla, ámbar, sándalo y maderas.  Su aroma es especiado, dulce y sensual, ideal para uso nocturno en otoño e invierno, con buena duración y estela poderosa.	2500.00	productos/Noir_Extreme_7weBLDK.png	\N	t	2026-02-21 22:36:28.951-06	2026-02-22 15:25:21.671-06	26	5	50	hombre	50	\N
19	SKU-007	Bleu de Chanel	Bleu de Chanel es una fragancia masculina lanzada en 2010, creada por Jacques Polge. Combina notas cítricas frescas de pomelo, limón y menta, con un corazón especiado de jengibre y nuez moscada, y un fondo amaderado y terroso de cedro, sándalo, vetiver, incienso y almizcle blanco.  Es versátil, sofisticada y atemporal, ideal para uso diario y ocasiones formales, con buena duración y proyección.	1800.00	productos/Bleu_de_Chanel_78s0p2Z.png	\N	t	2026-02-21 22:36:28.963-06	2026-02-22 15:23:27.93-06	26	1	50	hombre	50	\N
20	SKU-008	Chance Eau Tendre	Chance Eau Tendre de Chanel es una fragancia femenina lanzada en 2010, creada por Jacques Polge. Combina notas de salida de membrillo y pomelo, un corazón floral de jazmín y jacinto, y una base de almizcle, iris, cedro de Virginia y ámbar.  Su aroma es dulce, fresco y delicado, ideal para uso diurno en primavera y verano. Es una versión más suave y tierna de la línea Chance, con buena proyección y duración moderada.	1400.00	productos/Chance_Eau_Tendre_udHjPxL.png	\N	t	2026-02-21 22:36:28.972-06	2026-02-22 15:21:50.205-06	27	1	50	mujer	50	\N
21	SKU-009	Oud Wood	Oud Wood de Tom Ford es una fragancia icónica de la colección Private Blend, lanzada en 2007. Creada por Richard Herpin, combina la exótica madera de oud con sándalo, palo de rosa, vetiver, cardamomo y pimienta china, terminando en un fondo cálido de vainilla, haba tonka y ámbar.  Su aroma es amaderado, ahumado y especiado, con un equilibrio entre intensidad y elegancia. Ideal para uso nocturno o en climas fríos, tiene buena duración y proyección, siendo muy apreciada tanto por hombres como por mujeres.	3200.00	productos/Oud_Wood_eAIvRKt.png	\N	t	2026-02-21 22:36:28.98-06	2026-02-23 10:29:02.388-06	3	5	50	unisex	50	\N
\.


--
-- Data for Name: productos_categorias_secundarias; Type: TABLE DATA; Schema: public; Owner: admin
--

COPY public.productos_categorias_secundarias (id, producto_id, categoria_id) FROM stdin;
1	1	28
2	1	4
3	1	5
4	2	28
5	2	5
6	2	30
7	2	31
8	3	28
9	3	5
10	3	30
11	3	31
12	4	4
13	4	5
14	4	30
15	5	4
16	5	30
17	6	31
18	6	30
19	6	7
20	7	28
21	7	4
22	7	5
23	8	28
24	8	4
25	8	5
26	8	30
27	9	4
28	9	29
29	9	30
30	10	29
31	10	5
32	10	30
33	11	28
34	11	5
35	12	28
36	12	5
37	13	4
38	13	5
39	13	30
40	13	7
41	14	4
42	14	5
43	15	29
44	15	4
45	15	5
46	16	28
47	16	4
48	16	5
49	17	31
50	17	5
51	17	7
52	18	31
53	18	5
54	18	30
55	18	7
56	19	28
57	19	5
58	19	31
59	20	4
60	20	29
61	21	5
62	21	30
63	21	7
\.


--
-- Data for Name: socialaccount_socialaccount; Type: TABLE DATA; Schema: public; Owner: admin
--

COPY public.socialaccount_socialaccount (id, provider, uid, last_login, date_joined, extra_data, user_id) FROM stdin;
\.


--
-- Data for Name: socialaccount_socialapp; Type: TABLE DATA; Schema: public; Owner: admin
--

COPY public.socialaccount_socialapp (id, provider, name, client_id, secret, key, provider_id, settings) FROM stdin;
\.


--
-- Data for Name: socialaccount_socialapp_sites; Type: TABLE DATA; Schema: public; Owner: admin
--

COPY public.socialaccount_socialapp_sites (id, socialapp_id, site_id) FROM stdin;
\.


--
-- Data for Name: socialaccount_socialtoken; Type: TABLE DATA; Schema: public; Owner: admin
--

COPY public.socialaccount_socialtoken (id, token, token_secret, expires_at, account_id, app_id) FROM stdin;
\.


--
-- Data for Name: users_userprofile; Type: TABLE DATA; Schema: public; Owner: admin
--

COPY public.users_userprofile (id, must_change_password, user_id) FROM stdin;
2	f	2
1	f	1
\.


--
-- Name: account_emailaddress_id_seq; Type: SEQUENCE SET; Schema: public; Owner: admin
--

SELECT pg_catalog.setval('public.account_emailaddress_id_seq', 1, false);


--
-- Name: account_emailconfirmation_id_seq; Type: SEQUENCE SET; Schema: public; Owner: admin
--

SELECT pg_catalog.setval('public.account_emailconfirmation_id_seq', 1, false);


--
-- Name: auth_group_id_seq; Type: SEQUENCE SET; Schema: public; Owner: admin
--

SELECT pg_catalog.setval('public.auth_group_id_seq', 1, false);


--
-- Name: auth_group_permissions_id_seq; Type: SEQUENCE SET; Schema: public; Owner: admin
--

SELECT pg_catalog.setval('public.auth_group_permissions_id_seq', 1, false);


--
-- Name: auth_permission_id_seq; Type: SEQUENCE SET; Schema: public; Owner: admin
--

SELECT pg_catalog.setval('public.auth_permission_id_seq', 84, true);


--
-- Name: auth_user_groups_id_seq; Type: SEQUENCE SET; Schema: public; Owner: admin
--

SELECT pg_catalog.setval('public.auth_user_groups_id_seq', 1, false);


--
-- Name: auth_user_id_seq; Type: SEQUENCE SET; Schema: public; Owner: admin
--

SELECT pg_catalog.setval('public.auth_user_id_seq', 2, true);


--
-- Name: auth_user_user_permissions_id_seq; Type: SEQUENCE SET; Schema: public; Owner: admin
--

SELECT pg_catalog.setval('public.auth_user_user_permissions_id_seq', 1, false);


--
-- Name: carritos_id_seq; Type: SEQUENCE SET; Schema: public; Owner: admin
--

SELECT pg_catalog.setval('public.carritos_id_seq', 2, true);


--
-- Name: categorias_id_seq; Type: SEQUENCE SET; Schema: public; Owner: admin
--

SELECT pg_catalog.setval('public.categorias_id_seq', 31, true);


--
-- Name: detalles_pedidos_id_seq; Type: SEQUENCE SET; Schema: public; Owner: admin
--

SELECT pg_catalog.setval('public.detalles_pedidos_id_seq', 1, false);


--
-- Name: django_admin_log_id_seq; Type: SEQUENCE SET; Schema: public; Owner: admin
--

SELECT pg_catalog.setval('public.django_admin_log_id_seq', 96, true);


--
-- Name: django_content_type_id_seq; Type: SEQUENCE SET; Schema: public; Owner: admin
--

SELECT pg_catalog.setval('public.django_content_type_id_seq', 21, true);


--
-- Name: django_migrations_id_seq; Type: SEQUENCE SET; Schema: public; Owner: admin
--

SELECT pg_catalog.setval('public.django_migrations_id_seq', 44, true);


--
-- Name: django_site_id_seq; Type: SEQUENCE SET; Schema: public; Owner: admin
--

SELECT pg_catalog.setval('public.django_site_id_seq', 2, true);


--
-- Name: items_carrito_id_seq; Type: SEQUENCE SET; Schema: public; Owner: admin
--

SELECT pg_catalog.setval('public.items_carrito_id_seq', 1, false);


--
-- Name: marcas_id_seq; Type: SEQUENCE SET; Schema: public; Owner: admin
--

SELECT pg_catalog.setval('public.marcas_id_seq', 19, true);


--
-- Name: pagos_id_seq; Type: SEQUENCE SET; Schema: public; Owner: admin
--

SELECT pg_catalog.setval('public.pagos_id_seq', 1, false);


--
-- Name: pedidos_id_seq; Type: SEQUENCE SET; Schema: public; Owner: admin
--

SELECT pg_catalog.setval('public.pedidos_id_seq', 1, false);


--
-- Name: productos_categorias_secundarias_id_seq; Type: SEQUENCE SET; Schema: public; Owner: admin
--

SELECT pg_catalog.setval('public.productos_categorias_secundarias_id_seq', 63, true);


--
-- Name: productos_id_seq; Type: SEQUENCE SET; Schema: public; Owner: admin
--

SELECT pg_catalog.setval('public.productos_id_seq', 21, true);


--
-- Name: socialaccount_socialaccount_id_seq; Type: SEQUENCE SET; Schema: public; Owner: admin
--

SELECT pg_catalog.setval('public.socialaccount_socialaccount_id_seq', 1, false);


--
-- Name: socialaccount_socialapp_id_seq; Type: SEQUENCE SET; Schema: public; Owner: admin
--

SELECT pg_catalog.setval('public.socialaccount_socialapp_id_seq', 1, false);


--
-- Name: socialaccount_socialapp_sites_id_seq; Type: SEQUENCE SET; Schema: public; Owner: admin
--

SELECT pg_catalog.setval('public.socialaccount_socialapp_sites_id_seq', 1, false);


--
-- Name: socialaccount_socialtoken_id_seq; Type: SEQUENCE SET; Schema: public; Owner: admin
--

SELECT pg_catalog.setval('public.socialaccount_socialtoken_id_seq', 1, false);


--
-- Name: users_userprofile_id_seq; Type: SEQUENCE SET; Schema: public; Owner: admin
--

SELECT pg_catalog.setval('public.users_userprofile_id_seq', 2, true);


--
-- Name: account_emailaddress account_emailaddress_pkey; Type: CONSTRAINT; Schema: public; Owner: admin
--

ALTER TABLE ONLY public.account_emailaddress
    ADD CONSTRAINT account_emailaddress_pkey PRIMARY KEY (id);


--
-- Name: account_emailaddress account_emailaddress_user_id_email_987c8728_uniq; Type: CONSTRAINT; Schema: public; Owner: admin
--

ALTER TABLE ONLY public.account_emailaddress
    ADD CONSTRAINT account_emailaddress_user_id_email_987c8728_uniq UNIQUE (user_id, email);


--
-- Name: account_emailconfirmation account_emailconfirmation_key_key; Type: CONSTRAINT; Schema: public; Owner: admin
--

ALTER TABLE ONLY public.account_emailconfirmation
    ADD CONSTRAINT account_emailconfirmation_key_key UNIQUE (key);


--
-- Name: account_emailconfirmation account_emailconfirmation_pkey; Type: CONSTRAINT; Schema: public; Owner: admin
--

ALTER TABLE ONLY public.account_emailconfirmation
    ADD CONSTRAINT account_emailconfirmation_pkey PRIMARY KEY (id);


--
-- Name: auth_group auth_group_name_key; Type: CONSTRAINT; Schema: public; Owner: admin
--

ALTER TABLE ONLY public.auth_group
    ADD CONSTRAINT auth_group_name_key UNIQUE (name);


--
-- Name: auth_group_permissions auth_group_permissions_group_id_permission_id_0cd325b0_uniq; Type: CONSTRAINT; Schema: public; Owner: admin
--

ALTER TABLE ONLY public.auth_group_permissions
    ADD CONSTRAINT auth_group_permissions_group_id_permission_id_0cd325b0_uniq UNIQUE (group_id, permission_id);


--
-- Name: auth_group_permissions auth_group_permissions_pkey; Type: CONSTRAINT; Schema: public; Owner: admin
--

ALTER TABLE ONLY public.auth_group_permissions
    ADD CONSTRAINT auth_group_permissions_pkey PRIMARY KEY (id);


--
-- Name: auth_group auth_group_pkey; Type: CONSTRAINT; Schema: public; Owner: admin
--

ALTER TABLE ONLY public.auth_group
    ADD CONSTRAINT auth_group_pkey PRIMARY KEY (id);


--
-- Name: auth_permission auth_permission_content_type_id_codename_01ab375a_uniq; Type: CONSTRAINT; Schema: public; Owner: admin
--

ALTER TABLE ONLY public.auth_permission
    ADD CONSTRAINT auth_permission_content_type_id_codename_01ab375a_uniq UNIQUE (content_type_id, codename);


--
-- Name: auth_permission auth_permission_pkey; Type: CONSTRAINT; Schema: public; Owner: admin
--

ALTER TABLE ONLY public.auth_permission
    ADD CONSTRAINT auth_permission_pkey PRIMARY KEY (id);


--
-- Name: auth_user_groups auth_user_groups_pkey; Type: CONSTRAINT; Schema: public; Owner: admin
--

ALTER TABLE ONLY public.auth_user_groups
    ADD CONSTRAINT auth_user_groups_pkey PRIMARY KEY (id);


--
-- Name: auth_user_groups auth_user_groups_user_id_group_id_94350c0c_uniq; Type: CONSTRAINT; Schema: public; Owner: admin
--

ALTER TABLE ONLY public.auth_user_groups
    ADD CONSTRAINT auth_user_groups_user_id_group_id_94350c0c_uniq UNIQUE (user_id, group_id);


--
-- Name: auth_user auth_user_pkey; Type: CONSTRAINT; Schema: public; Owner: admin
--

ALTER TABLE ONLY public.auth_user
    ADD CONSTRAINT auth_user_pkey PRIMARY KEY (id);


--
-- Name: auth_user_user_permissions auth_user_user_permissions_pkey; Type: CONSTRAINT; Schema: public; Owner: admin
--

ALTER TABLE ONLY public.auth_user_user_permissions
    ADD CONSTRAINT auth_user_user_permissions_pkey PRIMARY KEY (id);


--
-- Name: auth_user_user_permissions auth_user_user_permissions_user_id_permission_id_14a6b632_uniq; Type: CONSTRAINT; Schema: public; Owner: admin
--

ALTER TABLE ONLY public.auth_user_user_permissions
    ADD CONSTRAINT auth_user_user_permissions_user_id_permission_id_14a6b632_uniq UNIQUE (user_id, permission_id);


--
-- Name: auth_user auth_user_username_key; Type: CONSTRAINT; Schema: public; Owner: admin
--

ALTER TABLE ONLY public.auth_user
    ADD CONSTRAINT auth_user_username_key UNIQUE (username);


--
-- Name: carritos carritos_pkey; Type: CONSTRAINT; Schema: public; Owner: admin
--

ALTER TABLE ONLY public.carritos
    ADD CONSTRAINT carritos_pkey PRIMARY KEY (id);


--
-- Name: carritos carritos_usuario_id_key; Type: CONSTRAINT; Schema: public; Owner: admin
--

ALTER TABLE ONLY public.carritos
    ADD CONSTRAINT carritos_usuario_id_key UNIQUE (usuario_id);


--
-- Name: categorias categorias_pkey; Type: CONSTRAINT; Schema: public; Owner: admin
--

ALTER TABLE ONLY public.categorias
    ADD CONSTRAINT categorias_pkey PRIMARY KEY (id);


--
-- Name: categorias categorias_slug_key; Type: CONSTRAINT; Schema: public; Owner: admin
--

ALTER TABLE ONLY public.categorias
    ADD CONSTRAINT categorias_slug_key UNIQUE (slug);


--
-- Name: detalles_pedidos detalles_pedidos_pkey; Type: CONSTRAINT; Schema: public; Owner: admin
--

ALTER TABLE ONLY public.detalles_pedidos
    ADD CONSTRAINT detalles_pedidos_pkey PRIMARY KEY (id);


--
-- Name: django_admin_log django_admin_log_pkey; Type: CONSTRAINT; Schema: public; Owner: admin
--

ALTER TABLE ONLY public.django_admin_log
    ADD CONSTRAINT django_admin_log_pkey PRIMARY KEY (id);


--
-- Name: django_content_type django_content_type_app_label_model_76bd3d3b_uniq; Type: CONSTRAINT; Schema: public; Owner: admin
--

ALTER TABLE ONLY public.django_content_type
    ADD CONSTRAINT django_content_type_app_label_model_76bd3d3b_uniq UNIQUE (app_label, model);


--
-- Name: django_content_type django_content_type_pkey; Type: CONSTRAINT; Schema: public; Owner: admin
--

ALTER TABLE ONLY public.django_content_type
    ADD CONSTRAINT django_content_type_pkey PRIMARY KEY (id);


--
-- Name: django_migrations django_migrations_pkey; Type: CONSTRAINT; Schema: public; Owner: admin
--

ALTER TABLE ONLY public.django_migrations
    ADD CONSTRAINT django_migrations_pkey PRIMARY KEY (id);


--
-- Name: django_session django_session_pkey; Type: CONSTRAINT; Schema: public; Owner: admin
--

ALTER TABLE ONLY public.django_session
    ADD CONSTRAINT django_session_pkey PRIMARY KEY (session_key);


--
-- Name: django_site django_site_domain_a2e37b91_uniq; Type: CONSTRAINT; Schema: public; Owner: admin
--

ALTER TABLE ONLY public.django_site
    ADD CONSTRAINT django_site_domain_a2e37b91_uniq UNIQUE (domain);


--
-- Name: django_site django_site_pkey; Type: CONSTRAINT; Schema: public; Owner: admin
--

ALTER TABLE ONLY public.django_site
    ADD CONSTRAINT django_site_pkey PRIMARY KEY (id);


--
-- Name: items_carrito items_carrito_carrito_id_producto_id_cb4333b8_uniq; Type: CONSTRAINT; Schema: public; Owner: admin
--

ALTER TABLE ONLY public.items_carrito
    ADD CONSTRAINT items_carrito_carrito_id_producto_id_cb4333b8_uniq UNIQUE (carrito_id, producto_id);


--
-- Name: items_carrito items_carrito_pkey; Type: CONSTRAINT; Schema: public; Owner: admin
--

ALTER TABLE ONLY public.items_carrito
    ADD CONSTRAINT items_carrito_pkey PRIMARY KEY (id);


--
-- Name: marcas marcas_nombre_key; Type: CONSTRAINT; Schema: public; Owner: admin
--

ALTER TABLE ONLY public.marcas
    ADD CONSTRAINT marcas_nombre_key UNIQUE (nombre);


--
-- Name: marcas marcas_pkey; Type: CONSTRAINT; Schema: public; Owner: admin
--

ALTER TABLE ONLY public.marcas
    ADD CONSTRAINT marcas_pkey PRIMARY KEY (id);


--
-- Name: pagos pagos_pedido_id_key; Type: CONSTRAINT; Schema: public; Owner: admin
--

ALTER TABLE ONLY public.pagos
    ADD CONSTRAINT pagos_pedido_id_key UNIQUE (pedido_id);


--
-- Name: pagos pagos_pkey; Type: CONSTRAINT; Schema: public; Owner: admin
--

ALTER TABLE ONLY public.pagos
    ADD CONSTRAINT pagos_pkey PRIMARY KEY (id);


--
-- Name: pedidos pedidos_numero_pedido_key; Type: CONSTRAINT; Schema: public; Owner: admin
--

ALTER TABLE ONLY public.pedidos
    ADD CONSTRAINT pedidos_numero_pedido_key UNIQUE (numero_pedido);


--
-- Name: pedidos pedidos_pkey; Type: CONSTRAINT; Schema: public; Owner: admin
--

ALTER TABLE ONLY public.pedidos
    ADD CONSTRAINT pedidos_pkey PRIMARY KEY (id);


--
-- Name: productos_categorias_secundarias productos_categorias_sec_producto_id_categoria_id_fc92c76f_uniq; Type: CONSTRAINT; Schema: public; Owner: admin
--

ALTER TABLE ONLY public.productos_categorias_secundarias
    ADD CONSTRAINT productos_categorias_sec_producto_id_categoria_id_fc92c76f_uniq UNIQUE (producto_id, categoria_id);


--
-- Name: productos_categorias_secundarias productos_categorias_secundarias_pkey; Type: CONSTRAINT; Schema: public; Owner: admin
--

ALTER TABLE ONLY public.productos_categorias_secundarias
    ADD CONSTRAINT productos_categorias_secundarias_pkey PRIMARY KEY (id);


--
-- Name: productos productos_pkey; Type: CONSTRAINT; Schema: public; Owner: admin
--

ALTER TABLE ONLY public.productos
    ADD CONSTRAINT productos_pkey PRIMARY KEY (id);


--
-- Name: productos productos_sku_key; Type: CONSTRAINT; Schema: public; Owner: admin
--

ALTER TABLE ONLY public.productos
    ADD CONSTRAINT productos_sku_key UNIQUE (sku);


--
-- Name: socialaccount_socialaccount socialaccount_socialaccount_pkey; Type: CONSTRAINT; Schema: public; Owner: admin
--

ALTER TABLE ONLY public.socialaccount_socialaccount
    ADD CONSTRAINT socialaccount_socialaccount_pkey PRIMARY KEY (id);


--
-- Name: socialaccount_socialaccount socialaccount_socialaccount_provider_uid_fc810c6e_uniq; Type: CONSTRAINT; Schema: public; Owner: admin
--

ALTER TABLE ONLY public.socialaccount_socialaccount
    ADD CONSTRAINT socialaccount_socialaccount_provider_uid_fc810c6e_uniq UNIQUE (provider, uid);


--
-- Name: socialaccount_socialapp_sites socialaccount_socialapp__socialapp_id_site_id_71a9a768_uniq; Type: CONSTRAINT; Schema: public; Owner: admin
--

ALTER TABLE ONLY public.socialaccount_socialapp_sites
    ADD CONSTRAINT socialaccount_socialapp__socialapp_id_site_id_71a9a768_uniq UNIQUE (socialapp_id, site_id);


--
-- Name: socialaccount_socialapp socialaccount_socialapp_pkey; Type: CONSTRAINT; Schema: public; Owner: admin
--

ALTER TABLE ONLY public.socialaccount_socialapp
    ADD CONSTRAINT socialaccount_socialapp_pkey PRIMARY KEY (id);


--
-- Name: socialaccount_socialapp_sites socialaccount_socialapp_sites_pkey; Type: CONSTRAINT; Schema: public; Owner: admin
--

ALTER TABLE ONLY public.socialaccount_socialapp_sites
    ADD CONSTRAINT socialaccount_socialapp_sites_pkey PRIMARY KEY (id);


--
-- Name: socialaccount_socialtoken socialaccount_socialtoken_app_id_account_id_fca4e0ac_uniq; Type: CONSTRAINT; Schema: public; Owner: admin
--

ALTER TABLE ONLY public.socialaccount_socialtoken
    ADD CONSTRAINT socialaccount_socialtoken_app_id_account_id_fca4e0ac_uniq UNIQUE (app_id, account_id);


--
-- Name: socialaccount_socialtoken socialaccount_socialtoken_pkey; Type: CONSTRAINT; Schema: public; Owner: admin
--

ALTER TABLE ONLY public.socialaccount_socialtoken
    ADD CONSTRAINT socialaccount_socialtoken_pkey PRIMARY KEY (id);


--
-- Name: users_userprofile users_userprofile_pkey; Type: CONSTRAINT; Schema: public; Owner: admin
--

ALTER TABLE ONLY public.users_userprofile
    ADD CONSTRAINT users_userprofile_pkey PRIMARY KEY (id);


--
-- Name: users_userprofile users_userprofile_user_id_key; Type: CONSTRAINT; Schema: public; Owner: admin
--

ALTER TABLE ONLY public.users_userprofile
    ADD CONSTRAINT users_userprofile_user_id_key UNIQUE (user_id);


--
-- Name: account_emailaddress_email_03be32b2; Type: INDEX; Schema: public; Owner: admin
--

CREATE INDEX account_emailaddress_email_03be32b2 ON public.account_emailaddress USING btree (email);


--
-- Name: account_emailaddress_email_03be32b2_like; Type: INDEX; Schema: public; Owner: admin
--

CREATE INDEX account_emailaddress_email_03be32b2_like ON public.account_emailaddress USING btree (email varchar_pattern_ops);


--
-- Name: account_emailaddress_user_id_2c513194; Type: INDEX; Schema: public; Owner: admin
--

CREATE INDEX account_emailaddress_user_id_2c513194 ON public.account_emailaddress USING btree (user_id);


--
-- Name: account_emailconfirmation_email_address_id_5b7f8c58; Type: INDEX; Schema: public; Owner: admin
--

CREATE INDEX account_emailconfirmation_email_address_id_5b7f8c58 ON public.account_emailconfirmation USING btree (email_address_id);


--
-- Name: account_emailconfirmation_key_f43612bd_like; Type: INDEX; Schema: public; Owner: admin
--

CREATE INDEX account_emailconfirmation_key_f43612bd_like ON public.account_emailconfirmation USING btree (key varchar_pattern_ops);


--
-- Name: auth_group_name_a6ea08ec_like; Type: INDEX; Schema: public; Owner: admin
--

CREATE INDEX auth_group_name_a6ea08ec_like ON public.auth_group USING btree (name varchar_pattern_ops);


--
-- Name: auth_group_permissions_group_id_b120cbf9; Type: INDEX; Schema: public; Owner: admin
--

CREATE INDEX auth_group_permissions_group_id_b120cbf9 ON public.auth_group_permissions USING btree (group_id);


--
-- Name: auth_group_permissions_permission_id_84c5c92e; Type: INDEX; Schema: public; Owner: admin
--

CREATE INDEX auth_group_permissions_permission_id_84c5c92e ON public.auth_group_permissions USING btree (permission_id);


--
-- Name: auth_permission_content_type_id_2f476e4b; Type: INDEX; Schema: public; Owner: admin
--

CREATE INDEX auth_permission_content_type_id_2f476e4b ON public.auth_permission USING btree (content_type_id);


--
-- Name: auth_user_groups_group_id_97559544; Type: INDEX; Schema: public; Owner: admin
--

CREATE INDEX auth_user_groups_group_id_97559544 ON public.auth_user_groups USING btree (group_id);


--
-- Name: auth_user_groups_user_id_6a12ed8b; Type: INDEX; Schema: public; Owner: admin
--

CREATE INDEX auth_user_groups_user_id_6a12ed8b ON public.auth_user_groups USING btree (user_id);


--
-- Name: auth_user_user_permissions_permission_id_1fbb5f2c; Type: INDEX; Schema: public; Owner: admin
--

CREATE INDEX auth_user_user_permissions_permission_id_1fbb5f2c ON public.auth_user_user_permissions USING btree (permission_id);


--
-- Name: auth_user_user_permissions_user_id_a95ead1b; Type: INDEX; Schema: public; Owner: admin
--

CREATE INDEX auth_user_user_permissions_user_id_a95ead1b ON public.auth_user_user_permissions USING btree (user_id);


--
-- Name: auth_user_username_6821ab7c_like; Type: INDEX; Schema: public; Owner: admin
--

CREATE INDEX auth_user_username_6821ab7c_like ON public.auth_user USING btree (username varchar_pattern_ops);


--
-- Name: categorias_padre_id_8fb99b8e; Type: INDEX; Schema: public; Owner: admin
--

CREATE INDEX categorias_padre_id_8fb99b8e ON public.categorias USING btree (padre_id);


--
-- Name: categorias_slug_e03bd550_like; Type: INDEX; Schema: public; Owner: admin
--

CREATE INDEX categorias_slug_e03bd550_like ON public.categorias USING btree (slug varchar_pattern_ops);


--
-- Name: detalles_pedidos_pedido_id_619045fe; Type: INDEX; Schema: public; Owner: admin
--

CREATE INDEX detalles_pedidos_pedido_id_619045fe ON public.detalles_pedidos USING btree (pedido_id);


--
-- Name: detalles_pedidos_producto_id_3ecd3ac7; Type: INDEX; Schema: public; Owner: admin
--

CREATE INDEX detalles_pedidos_producto_id_3ecd3ac7 ON public.detalles_pedidos USING btree (producto_id);


--
-- Name: django_admin_log_content_type_id_c4bce8eb; Type: INDEX; Schema: public; Owner: admin
--

CREATE INDEX django_admin_log_content_type_id_c4bce8eb ON public.django_admin_log USING btree (content_type_id);


--
-- Name: django_admin_log_user_id_c564eba6; Type: INDEX; Schema: public; Owner: admin
--

CREATE INDEX django_admin_log_user_id_c564eba6 ON public.django_admin_log USING btree (user_id);


--
-- Name: django_session_expire_date_a5c62663; Type: INDEX; Schema: public; Owner: admin
--

CREATE INDEX django_session_expire_date_a5c62663 ON public.django_session USING btree (expire_date);


--
-- Name: django_session_session_key_c0390e0f_like; Type: INDEX; Schema: public; Owner: admin
--

CREATE INDEX django_session_session_key_c0390e0f_like ON public.django_session USING btree (session_key varchar_pattern_ops);


--
-- Name: django_site_domain_a2e37b91_like; Type: INDEX; Schema: public; Owner: admin
--

CREATE INDEX django_site_domain_a2e37b91_like ON public.django_site USING btree (domain varchar_pattern_ops);


--
-- Name: items_carrito_carrito_id_98cab557; Type: INDEX; Schema: public; Owner: admin
--

CREATE INDEX items_carrito_carrito_id_98cab557 ON public.items_carrito USING btree (carrito_id);


--
-- Name: items_carrito_producto_id_2c56c302; Type: INDEX; Schema: public; Owner: admin
--

CREATE INDEX items_carrito_producto_id_2c56c302 ON public.items_carrito USING btree (producto_id);


--
-- Name: marcas_nombre_5e221993_like; Type: INDEX; Schema: public; Owner: admin
--

CREATE INDEX marcas_nombre_5e221993_like ON public.marcas USING btree (nombre varchar_pattern_ops);


--
-- Name: pedidos_numero_pedido_95343ebf_like; Type: INDEX; Schema: public; Owner: admin
--

CREATE INDEX pedidos_numero_pedido_95343ebf_like ON public.pedidos USING btree (numero_pedido varchar_pattern_ops);


--
-- Name: pedidos_usuario_id_2b8cebd6; Type: INDEX; Schema: public; Owner: admin
--

CREATE INDEX pedidos_usuario_id_2b8cebd6 ON public.pedidos USING btree (usuario_id);


--
-- Name: productos_categoria_id_92c5ef6b; Type: INDEX; Schema: public; Owner: admin
--

CREATE INDEX productos_categoria_id_92c5ef6b ON public.productos USING btree (categoria_id);


--
-- Name: productos_categorias_secundarias_categoria_id_a5a224f4; Type: INDEX; Schema: public; Owner: admin
--

CREATE INDEX productos_categorias_secundarias_categoria_id_a5a224f4 ON public.productos_categorias_secundarias USING btree (categoria_id);


--
-- Name: productos_categorias_secundarias_producto_id_b52093f0; Type: INDEX; Schema: public; Owner: admin
--

CREATE INDEX productos_categorias_secundarias_producto_id_b52093f0 ON public.productos_categorias_secundarias USING btree (producto_id);


--
-- Name: productos_marca_id_0aa3197c; Type: INDEX; Schema: public; Owner: admin
--

CREATE INDEX productos_marca_id_0aa3197c ON public.productos USING btree (marca_id);


--
-- Name: productos_sku_efc231bb_like; Type: INDEX; Schema: public; Owner: admin
--

CREATE INDEX productos_sku_efc231bb_like ON public.productos USING btree (sku varchar_pattern_ops);


--
-- Name: socialaccount_socialaccount_user_id_8146e70c; Type: INDEX; Schema: public; Owner: admin
--

CREATE INDEX socialaccount_socialaccount_user_id_8146e70c ON public.socialaccount_socialaccount USING btree (user_id);


--
-- Name: socialaccount_socialapp_sites_site_id_2579dee5; Type: INDEX; Schema: public; Owner: admin
--

CREATE INDEX socialaccount_socialapp_sites_site_id_2579dee5 ON public.socialaccount_socialapp_sites USING btree (site_id);


--
-- Name: socialaccount_socialapp_sites_socialapp_id_97fb6e7d; Type: INDEX; Schema: public; Owner: admin
--

CREATE INDEX socialaccount_socialapp_sites_socialapp_id_97fb6e7d ON public.socialaccount_socialapp_sites USING btree (socialapp_id);


--
-- Name: socialaccount_socialtoken_account_id_951f210e; Type: INDEX; Schema: public; Owner: admin
--

CREATE INDEX socialaccount_socialtoken_account_id_951f210e ON public.socialaccount_socialtoken USING btree (account_id);


--
-- Name: socialaccount_socialtoken_app_id_636a42d7; Type: INDEX; Schema: public; Owner: admin
--

CREATE INDEX socialaccount_socialtoken_app_id_636a42d7 ON public.socialaccount_socialtoken USING btree (app_id);


--
-- Name: unique_primary_email; Type: INDEX; Schema: public; Owner: admin
--

CREATE UNIQUE INDEX unique_primary_email ON public.account_emailaddress USING btree (user_id, "primary") WHERE "primary";


--
-- Name: unique_verified_email; Type: INDEX; Schema: public; Owner: admin
--

CREATE UNIQUE INDEX unique_verified_email ON public.account_emailaddress USING btree (email) WHERE verified;


--
-- Name: account_emailaddress account_emailaddress_user_id_2c513194_fk_auth_user_id; Type: FK CONSTRAINT; Schema: public; Owner: admin
--

ALTER TABLE ONLY public.account_emailaddress
    ADD CONSTRAINT account_emailaddress_user_id_2c513194_fk_auth_user_id FOREIGN KEY (user_id) REFERENCES public.auth_user(id) DEFERRABLE INITIALLY DEFERRED;


--
-- Name: account_emailconfirmation account_emailconfirm_email_address_id_5b7f8c58_fk_account_e; Type: FK CONSTRAINT; Schema: public; Owner: admin
--

ALTER TABLE ONLY public.account_emailconfirmation
    ADD CONSTRAINT account_emailconfirm_email_address_id_5b7f8c58_fk_account_e FOREIGN KEY (email_address_id) REFERENCES public.account_emailaddress(id) DEFERRABLE INITIALLY DEFERRED;


--
-- Name: auth_group_permissions auth_group_permissio_permission_id_84c5c92e_fk_auth_perm; Type: FK CONSTRAINT; Schema: public; Owner: admin
--

ALTER TABLE ONLY public.auth_group_permissions
    ADD CONSTRAINT auth_group_permissio_permission_id_84c5c92e_fk_auth_perm FOREIGN KEY (permission_id) REFERENCES public.auth_permission(id) DEFERRABLE INITIALLY DEFERRED;


--
-- Name: auth_group_permissions auth_group_permissions_group_id_b120cbf9_fk_auth_group_id; Type: FK CONSTRAINT; Schema: public; Owner: admin
--

ALTER TABLE ONLY public.auth_group_permissions
    ADD CONSTRAINT auth_group_permissions_group_id_b120cbf9_fk_auth_group_id FOREIGN KEY (group_id) REFERENCES public.auth_group(id) DEFERRABLE INITIALLY DEFERRED;


--
-- Name: auth_permission auth_permission_content_type_id_2f476e4b_fk_django_co; Type: FK CONSTRAINT; Schema: public; Owner: admin
--

ALTER TABLE ONLY public.auth_permission
    ADD CONSTRAINT auth_permission_content_type_id_2f476e4b_fk_django_co FOREIGN KEY (content_type_id) REFERENCES public.django_content_type(id) DEFERRABLE INITIALLY DEFERRED;


--
-- Name: auth_user_groups auth_user_groups_group_id_97559544_fk_auth_group_id; Type: FK CONSTRAINT; Schema: public; Owner: admin
--

ALTER TABLE ONLY public.auth_user_groups
    ADD CONSTRAINT auth_user_groups_group_id_97559544_fk_auth_group_id FOREIGN KEY (group_id) REFERENCES public.auth_group(id) DEFERRABLE INITIALLY DEFERRED;


--
-- Name: auth_user_groups auth_user_groups_user_id_6a12ed8b_fk_auth_user_id; Type: FK CONSTRAINT; Schema: public; Owner: admin
--

ALTER TABLE ONLY public.auth_user_groups
    ADD CONSTRAINT auth_user_groups_user_id_6a12ed8b_fk_auth_user_id FOREIGN KEY (user_id) REFERENCES public.auth_user(id) DEFERRABLE INITIALLY DEFERRED;


--
-- Name: auth_user_user_permissions auth_user_user_permi_permission_id_1fbb5f2c_fk_auth_perm; Type: FK CONSTRAINT; Schema: public; Owner: admin
--

ALTER TABLE ONLY public.auth_user_user_permissions
    ADD CONSTRAINT auth_user_user_permi_permission_id_1fbb5f2c_fk_auth_perm FOREIGN KEY (permission_id) REFERENCES public.auth_permission(id) DEFERRABLE INITIALLY DEFERRED;


--
-- Name: auth_user_user_permissions auth_user_user_permissions_user_id_a95ead1b_fk_auth_user_id; Type: FK CONSTRAINT; Schema: public; Owner: admin
--

ALTER TABLE ONLY public.auth_user_user_permissions
    ADD CONSTRAINT auth_user_user_permissions_user_id_a95ead1b_fk_auth_user_id FOREIGN KEY (user_id) REFERENCES public.auth_user(id) DEFERRABLE INITIALLY DEFERRED;


--
-- Name: carritos carritos_usuario_id_0144c366_fk_auth_user_id; Type: FK CONSTRAINT; Schema: public; Owner: admin
--

ALTER TABLE ONLY public.carritos
    ADD CONSTRAINT carritos_usuario_id_0144c366_fk_auth_user_id FOREIGN KEY (usuario_id) REFERENCES public.auth_user(id) DEFERRABLE INITIALLY DEFERRED;


--
-- Name: categorias categorias_padre_id_8fb99b8e_fk_categorias_id; Type: FK CONSTRAINT; Schema: public; Owner: admin
--

ALTER TABLE ONLY public.categorias
    ADD CONSTRAINT categorias_padre_id_8fb99b8e_fk_categorias_id FOREIGN KEY (padre_id) REFERENCES public.categorias(id) DEFERRABLE INITIALLY DEFERRED;


--
-- Name: detalles_pedidos detalles_pedidos_pedido_id_619045fe_fk_pedidos_id; Type: FK CONSTRAINT; Schema: public; Owner: admin
--

ALTER TABLE ONLY public.detalles_pedidos
    ADD CONSTRAINT detalles_pedidos_pedido_id_619045fe_fk_pedidos_id FOREIGN KEY (pedido_id) REFERENCES public.pedidos(id) DEFERRABLE INITIALLY DEFERRED;


--
-- Name: detalles_pedidos detalles_pedidos_producto_id_3ecd3ac7_fk_productos_id; Type: FK CONSTRAINT; Schema: public; Owner: admin
--

ALTER TABLE ONLY public.detalles_pedidos
    ADD CONSTRAINT detalles_pedidos_producto_id_3ecd3ac7_fk_productos_id FOREIGN KEY (producto_id) REFERENCES public.productos(id) DEFERRABLE INITIALLY DEFERRED;


--
-- Name: django_admin_log django_admin_log_content_type_id_c4bce8eb_fk_django_co; Type: FK CONSTRAINT; Schema: public; Owner: admin
--

ALTER TABLE ONLY public.django_admin_log
    ADD CONSTRAINT django_admin_log_content_type_id_c4bce8eb_fk_django_co FOREIGN KEY (content_type_id) REFERENCES public.django_content_type(id) DEFERRABLE INITIALLY DEFERRED;


--
-- Name: django_admin_log django_admin_log_user_id_c564eba6_fk_auth_user_id; Type: FK CONSTRAINT; Schema: public; Owner: admin
--

ALTER TABLE ONLY public.django_admin_log
    ADD CONSTRAINT django_admin_log_user_id_c564eba6_fk_auth_user_id FOREIGN KEY (user_id) REFERENCES public.auth_user(id) DEFERRABLE INITIALLY DEFERRED;


--
-- Name: items_carrito items_carrito_carrito_id_98cab557_fk_carritos_id; Type: FK CONSTRAINT; Schema: public; Owner: admin
--

ALTER TABLE ONLY public.items_carrito
    ADD CONSTRAINT items_carrito_carrito_id_98cab557_fk_carritos_id FOREIGN KEY (carrito_id) REFERENCES public.carritos(id) DEFERRABLE INITIALLY DEFERRED;


--
-- Name: items_carrito items_carrito_producto_id_2c56c302_fk_productos_id; Type: FK CONSTRAINT; Schema: public; Owner: admin
--

ALTER TABLE ONLY public.items_carrito
    ADD CONSTRAINT items_carrito_producto_id_2c56c302_fk_productos_id FOREIGN KEY (producto_id) REFERENCES public.productos(id) DEFERRABLE INITIALLY DEFERRED;


--
-- Name: pagos pagos_pedido_id_3433cb91_fk_pedidos_id; Type: FK CONSTRAINT; Schema: public; Owner: admin
--

ALTER TABLE ONLY public.pagos
    ADD CONSTRAINT pagos_pedido_id_3433cb91_fk_pedidos_id FOREIGN KEY (pedido_id) REFERENCES public.pedidos(id) DEFERRABLE INITIALLY DEFERRED;


--
-- Name: pedidos pedidos_usuario_id_2b8cebd6_fk_auth_user_id; Type: FK CONSTRAINT; Schema: public; Owner: admin
--

ALTER TABLE ONLY public.pedidos
    ADD CONSTRAINT pedidos_usuario_id_2b8cebd6_fk_auth_user_id FOREIGN KEY (usuario_id) REFERENCES public.auth_user(id) DEFERRABLE INITIALLY DEFERRED;


--
-- Name: productos productos_categoria_id_92c5ef6b_fk_categorias_id; Type: FK CONSTRAINT; Schema: public; Owner: admin
--

ALTER TABLE ONLY public.productos
    ADD CONSTRAINT productos_categoria_id_92c5ef6b_fk_categorias_id FOREIGN KEY (categoria_id) REFERENCES public.categorias(id) DEFERRABLE INITIALLY DEFERRED;


--
-- Name: productos_categorias_secundarias productos_categorias_categoria_id_a5a224f4_fk_categoria; Type: FK CONSTRAINT; Schema: public; Owner: admin
--

ALTER TABLE ONLY public.productos_categorias_secundarias
    ADD CONSTRAINT productos_categorias_categoria_id_a5a224f4_fk_categoria FOREIGN KEY (categoria_id) REFERENCES public.categorias(id) DEFERRABLE INITIALLY DEFERRED;


--
-- Name: productos_categorias_secundarias productos_categorias_producto_id_b52093f0_fk_productos; Type: FK CONSTRAINT; Schema: public; Owner: admin
--

ALTER TABLE ONLY public.productos_categorias_secundarias
    ADD CONSTRAINT productos_categorias_producto_id_b52093f0_fk_productos FOREIGN KEY (producto_id) REFERENCES public.productos(id) DEFERRABLE INITIALLY DEFERRED;


--
-- Name: productos productos_marca_id_0aa3197c_fk_marcas_id; Type: FK CONSTRAINT; Schema: public; Owner: admin
--

ALTER TABLE ONLY public.productos
    ADD CONSTRAINT productos_marca_id_0aa3197c_fk_marcas_id FOREIGN KEY (marca_id) REFERENCES public.marcas(id) DEFERRABLE INITIALLY DEFERRED;


--
-- Name: socialaccount_socialtoken socialaccount_social_account_id_951f210e_fk_socialacc; Type: FK CONSTRAINT; Schema: public; Owner: admin
--

ALTER TABLE ONLY public.socialaccount_socialtoken
    ADD CONSTRAINT socialaccount_social_account_id_951f210e_fk_socialacc FOREIGN KEY (account_id) REFERENCES public.socialaccount_socialaccount(id) DEFERRABLE INITIALLY DEFERRED;


--
-- Name: socialaccount_socialtoken socialaccount_social_app_id_636a42d7_fk_socialacc; Type: FK CONSTRAINT; Schema: public; Owner: admin
--

ALTER TABLE ONLY public.socialaccount_socialtoken
    ADD CONSTRAINT socialaccount_social_app_id_636a42d7_fk_socialacc FOREIGN KEY (app_id) REFERENCES public.socialaccount_socialapp(id) DEFERRABLE INITIALLY DEFERRED;


--
-- Name: socialaccount_socialapp_sites socialaccount_social_site_id_2579dee5_fk_django_si; Type: FK CONSTRAINT; Schema: public; Owner: admin
--

ALTER TABLE ONLY public.socialaccount_socialapp_sites
    ADD CONSTRAINT socialaccount_social_site_id_2579dee5_fk_django_si FOREIGN KEY (site_id) REFERENCES public.django_site(id) DEFERRABLE INITIALLY DEFERRED;


--
-- Name: socialaccount_socialapp_sites socialaccount_social_socialapp_id_97fb6e7d_fk_socialacc; Type: FK CONSTRAINT; Schema: public; Owner: admin
--

ALTER TABLE ONLY public.socialaccount_socialapp_sites
    ADD CONSTRAINT socialaccount_social_socialapp_id_97fb6e7d_fk_socialacc FOREIGN KEY (socialapp_id) REFERENCES public.socialaccount_socialapp(id) DEFERRABLE INITIALLY DEFERRED;


--
-- Name: socialaccount_socialaccount socialaccount_socialaccount_user_id_8146e70c_fk_auth_user_id; Type: FK CONSTRAINT; Schema: public; Owner: admin
--

ALTER TABLE ONLY public.socialaccount_socialaccount
    ADD CONSTRAINT socialaccount_socialaccount_user_id_8146e70c_fk_auth_user_id FOREIGN KEY (user_id) REFERENCES public.auth_user(id) DEFERRABLE INITIALLY DEFERRED;


--
-- Name: users_userprofile users_userprofile_user_id_87251ef1_fk_auth_user_id; Type: FK CONSTRAINT; Schema: public; Owner: admin
--

ALTER TABLE ONLY public.users_userprofile
    ADD CONSTRAINT users_userprofile_user_id_87251ef1_fk_auth_user_id FOREIGN KEY (user_id) REFERENCES public.auth_user(id) DEFERRABLE INITIALLY DEFERRED;


--
-- PostgreSQL database dump complete
--

\unrestrict UPGSFgBzx8CIaeglMdz3bfAMhHOO42KhbZLSct8aVbv2GRdNS1PkVN0aH6syKFV

